date,driver_id,driver,vehicle_id,vclass,sites,disposals,trips,planned,volume_m3,wait_site_min,wait_disposal_min,bound_hours,slips_missing,status
2026-09-28,D1,山田,V1,10t,港北A現場,西八朔処分場（自社）,4,4,22.0,0,35,6.8,0,OK待ち
2026-09-28,D2,佐藤,V2,10t,鶴見B現場,西八朔処分場（自社）,3,3,16.5,65,0,6.3,0,OK待ち
2026-09-28,D3,鈴木,V3,10t,川崎C現場,外部処分場X,3,3,16.5,0,30,7.2,0,OK待ち
2026-09-28,D4,高橋,V4,10t,鶴見B現場,西八朔処分場（自社）,3,3,16.5,0,25,5.7,0,OK待ち
2026-09-28,D5,田中,V5,4t,青葉D解体,西八朔処分場（自社）,4,4,8.0,0,25,5.9,0,OK待ち
2026-09-28,D6,伊藤,V6,4t,青葉D解体,西八朔処分場（自社）,4,4,8.0,0,10,5.7,0,OK待ち
2026-09-29,D1,山田,V1,10t,港北A現場,西八朔処分場（自社）,4,4,22.0,0,35,6.8,0,OK待ち
2026-09-29,D2,佐藤,V2,10t,鶴見B現場,西八朔処分場（自社）,2,3,11.0,220,10,7.4,0,要確認
2026-09-29,D3,鈴木,V3,10t,川崎C現場,外部処分場X,3,3,16.5,0,60,7.7,0,OK待ち
2026-09-29,D4,高橋,V4,10t,鶴見B現場,西八朔処分場（自社）,3,3,16.5,90,35,7.3,0,OK待ち
2026-09-29,D5,田中,V5,4t,青葉D解体,西八朔処分場（自社）,4,4,8.0,0,70,6.7,0,OK待ち
2026-09-29,D6,伊藤,V6,4t,青葉D解体,西八朔処分場（自社）,4,4,8.0,0,0,5.5,0,OK待ち
2026-09-30,D1,山田,V1,10t,港北A現場,西八朔処分場（自社）,4,4,22.0,0,70,7.3,0,OK待ち
2026-09-30,D2,佐藤,V2,10t,鶴見B現場,西八朔処分場（自社）,3,3,16.5,65,35,6.9,0,OK待ち
2026-09-30,D3,鈴木,V3,10t,川崎C現場,外部処分場X,3,3,16.5,0,30,7.2,0,OK待ち
2026-09-30,D4,高橋,V4,10t,鶴見B現場,西八朔処分場（自社）,3,3,16.5,285,35,10.6,0,OK待ち
2026-09-30,D5,田中,V5,4t,青葉D解体,西八朔処分場（自社）,4,4,8.0,0,35,6.1,0,OK待ち
2026-09-30,D6,伊藤,V6,4t,青葉D解体,西八朔処分場（自社）,4,4,8.0,0,35,6.1,0,OK待ち
2026-10-01,D1,山田,V1,10t,港北A現場,西八朔処分場（自社）,4,4,22.0,0,70,7.3,0,OK待ち
2026-10-01,D2,佐藤,V2,10t,鶴見B現場,西八朔処分場（自社）,3,3,16.5,45,50,6.8,1,要確認
2026-10-01,D3,鈴木,V3,10t,川崎C現場,外部処分場X,3,3,16.5,0,15,7.0,0,OK待ち
2026-10-01,D4,高橋,V4,10t,鶴見B現場,西八朔処分場（自社）,3,3,16.5,160,25,8.3,0,OK待ち
2026-10-01,D5,田中,V5,4t,青葉D解体,西八朔処分場（自社）,4,4,8.0,0,60,6.5,0,OK待ち
2026-10-01,D6,伊藤,V6,4t,青葉D解体,西八朔処分場（自社）,4,4,8.0,0,60,6.5,0,OK待ち
2026-10-02,D1,山田,V1,10t,港北A現場,西八朔処分場（自社）,4,4,22.0,0,35,6.8,0,OK待ち
2026-10-02,D2,佐藤,V2,10t,鶴見B現場,西八朔処分場（自社）,3,3,16.5,40,0,5.9,0,OK待ち
2026-10-02,D3,鈴木,V3,10t,川崎C現場,外部処分場X,3,3,16.5,0,45,7.5,1,要確認
2026-10-02,D4,高橋,V4,10t,鶴見B現場,西八朔処分場（自社）,3,3,16.5,115,20,7.5,0,OK待ち
2026-10-02,D5,田中,V5,4t,青葉D解体,西八朔処分場（自社）,5,4,10.0,0,60,7.8,0,要確認
2026-10-02,D6,伊藤,V6,4t,青葉D解体,西八朔処分場（自社）,4,4,8.0,0,75,6.8,0,OK待ち
