date,vehicle_id,driver,kind,detail,action
2026-09-28,V2,佐藤,待機（請求対象）,鶴見B現場 2往復目 現場待機 45分（無料枠30分）,日報に自動記載。待機料を請求一覧へ
2026-09-29,V2,佐藤,予定未達,鶴見B現場 予定3往復 / 実績2往復,配車担当に確認。超過なら請求に反映、未達なら理由を日報に
2026-09-29,V2,佐藤,待機（請求対象）,鶴見B現場 1往復目 現場待機 110分（無料枠30分）,日報に自動記載。待機料を請求一覧へ
2026-09-29,V2,佐藤,待機（請求対象）,鶴見B現場 2往復目 現場待機 110分（無料枠30分）,日報に自動記載。待機料を請求一覧へ
2026-09-29,V4,高橋,待機（請求対象）,鶴見B現場 3往復目 現場待機 70分（無料枠30分）,日報に自動記載。待機料を請求一覧へ
2026-09-30,V2,佐藤,待機（請求対象）,鶴見B現場 1往復目 現場待機 45分（無料枠30分）,日報に自動記載。待機料を請求一覧へ
2026-09-30,V4,高橋,待機（請求対象）,鶴見B現場 1往復目 現場待機 95分（無料枠30分）,日報に自動記載。待機料を請求一覧へ
2026-09-30,V4,高橋,待機（請求対象）,鶴見B現場 2往復目 現場待機 95分（無料枠30分）,日報に自動記載。待機料を請求一覧へ
2026-09-30,V4,高橋,待機（請求対象）,鶴見B現場 3往復目 現場待機 95分（無料枠30分）,日報に自動記載。待機料を請求一覧へ
2026-10-01,V2,佐藤,待機（請求対象）,鶴見B現場 2往復目 現場待機 45分（無料枠30分）,日報に自動記載。待機料を請求一覧へ
2026-10-01,V2,佐藤,受領伝票なし,鶴見B現場 3往復目（現場 13:00着）,本人にLINEで催促
2026-10-01,V4,高橋,待機（請求対象）,鶴見B現場 2往復目 現場待機 70分（無料枠30分）,日報に自動記載。待機料を請求一覧へ
2026-10-01,V4,高橋,待機（請求対象）,鶴見B現場 3往復目 現場待機 70分（無料枠30分）,日報に自動記載。待機料を請求一覧へ
2026-10-02,V3,鈴木,受領伝票なし,川崎C現場 3往復目（現場 14:04着）,本人にLINEで催促
2026-10-02,V3,鈴木,受入票なし,外部処分場X 3往復目,自社処分場なら受付の控えで補完。外部なら本人に催促
2026-10-02,V4,高橋,待機（請求対象）,鶴見B現場 1往復目 現場待機 45分（無料枠30分）,日報に自動記載。待機料を請求一覧へ
2026-10-02,V4,高橋,待機（請求対象）,鶴見B現場 3往復目 現場待機 70分（無料枠30分）,日報に自動記載。待機料を請求一覧へ
2026-10-02,V5,田中,予定超過,青葉D解体 予定4往復 / 実績5往復,配車担当に確認。超過なら請求に反映、未達なら理由を日報に
