trip_id,date,vehicle_id,driver_id,client_id,site_id,disposal_id,contract_type,trip_no,arrive_site,depart_site,arrive_disposal,depart_disposal,wait_site_min,wait_disposal_min,volume_m3,soil_type,receipt_slip,intake_slip,evidence,disposal_cost
2026-09-28_V1_1,2026-09-28,V1,D1,C1,S1,DS1,per_truck_day,1,2026-09-28 08:25,2026-09-28 08:40,2026-09-28 09:05,2026-09-28 09:25,0,10,5.5,soil2,R0001,I0002,slips,0.0
2026-09-28_V1_2,2026-09-28,V1,D1,C1,S1,DS1,per_truck_day,2,2026-09-28 10:02,2026-09-28 10:17,2026-09-28 10:42,2026-09-28 10:52,0,0,5.5,soil2,R0003,I0004,slips,0.0
2026-09-28_V1_3,2026-09-28,V1,D1,C1,S1,DS1,per_truck_day,3,2026-09-28 11:29,2026-09-28 11:44,2026-09-28 12:09,2026-09-28 12:44,0,25,5.5,soil2,R0005,I0006,slips,0.0
2026-09-28_V1_4,2026-09-28,V1,D1,C1,S1,DS1,per_truck_day,4,2026-09-28 13:21,2026-09-28 13:36,2026-09-28 14:01,2026-09-28 14:11,0,0,5.5,soil2,R0007,I0008,slips,0.0
2026-09-28_V2_1,2026-09-28,V2,D2,C2,S2,DS1,per_m3,1,2026-09-28 08:30,2026-09-28 08:45,2026-09-28 09:15,2026-09-28 09:25,0,0,5.5,soil1,R0009,I0010,slips,0.0
2026-09-28_V2_2,2026-09-28,V2,D2,C2,S2,DS1,per_m3,2,2026-09-28 10:10,2026-09-28 11:10,2026-09-28 11:40,2026-09-28 11:50,45,0,5.5,soil1,R0011,I0012,slips,0.0
2026-09-28_V2_3,2026-09-28,V2,D2,C2,S2,DS1,per_m3,3,2026-09-28 12:35,2026-09-28 13:10,2026-09-28 13:40,2026-09-28 13:50,20,0,5.5,soil1,R0013,I0014,slips,0.0
2026-09-28_V3_1,2026-09-28,V3,D3,C3,S3,DS2,per_m3,1,2026-09-28 08:45,2026-09-28 09:00,2026-09-28 09:45,2026-09-28 09:55,0,0,5.5,soil3,R0015,I0016,slips,23100.0
2026-09-28_V3_2,2026-09-28,V3,D3,C3,S3,DS2,per_m3,2,2026-09-28 11:02,2026-09-28 11:17,2026-09-28 12:02,2026-09-28 12:27,0,15,5.5,soil3,R0017,I0018,slips,23100.0
2026-09-28_V3_3,2026-09-28,V3,D3,C3,S3,DS2,per_m3,3,2026-09-28 13:34,2026-09-28 13:49,2026-09-28 14:34,2026-09-28 14:59,0,15,5.5,soil3,R0019,I0020,slips,23100.0
2026-09-28_V4_1,2026-09-28,V4,D4,C2,S2,DS1,per_m3,1,2026-09-28 08:30,2026-09-28 08:45,2026-09-28 09:15,2026-09-28 09:25,0,0,5.5,soil1,R0021,I0022,slips,0.0
2026-09-28_V4_2,2026-09-28,V4,D4,C2,S2,DS1,per_m3,2,2026-09-28 10:10,2026-09-28 10:25,2026-09-28 10:55,2026-09-28 11:30,0,25,5.5,soil1,R0023,I0024,slips,0.0
2026-09-28_V4_3,2026-09-28,V4,D4,C2,S2,DS1,per_m3,3,2026-09-28 12:15,2026-09-28 12:30,2026-09-28 13:00,2026-09-28 13:10,0,0,5.5,soil1,R0025,I0026,slips,0.0
2026-09-28_V5_1,2026-09-28,V5,D5,C4,S4,DS1,per_truck_day,1,2026-09-28 08:20,2026-09-28 08:35,2026-09-28 08:55,2026-09-28 09:05,0,0,2.0,soil2,R0027,I0028,slips,0.0
2026-09-28_V5_2,2026-09-28,V5,D5,C4,S4,DS1,per_truck_day,2,2026-09-28 09:35,2026-09-28 09:50,2026-09-28 10:10,2026-09-28 10:20,0,0,2.0,soil2,R0029,I0030,slips,0.0
2026-09-28_V5_3,2026-09-28,V5,D5,C4,S4,DS1,per_truck_day,3,2026-09-28 10:50,2026-09-28 11:05,2026-09-28 11:25,2026-09-28 12:00,0,25,2.0,soil2,R0031,I0032,slips,0.0
2026-09-28_V5_4,2026-09-28,V5,D5,C4,S4,DS1,per_truck_day,4,2026-09-28 12:30,2026-09-28 12:45,2026-09-28 13:05,2026-09-28 13:15,0,0,2.0,soil2,R0033,I0034,slips,0.0
2026-09-28_V6_1,2026-09-28,V6,D6,C4,S4,DS1,per_truck_day,1,2026-09-28 08:20,2026-09-28 08:35,2026-09-28 08:55,2026-09-28 09:05,0,0,2.0,soil2,R0035,I0036,slips,0.0
2026-09-28_V6_2,2026-09-28,V6,D6,C4,S4,DS1,per_truck_day,2,2026-09-28 09:35,2026-09-28 09:50,2026-09-28 10:10,2026-09-28 10:20,0,0,2.0,soil2,R0037,I0038,slips,0.0
2026-09-28_V6_3,2026-09-28,V6,D6,C4,S4,DS1,per_truck_day,3,2026-09-28 10:50,2026-09-28 11:05,2026-09-28 11:25,2026-09-28 11:35,0,0,2.0,soil2,R0039,I0040,slips,0.0
2026-09-28_V6_4,2026-09-28,V6,D6,C4,S4,DS1,per_truck_day,4,2026-09-28 12:05,2026-09-28 12:20,2026-09-28 12:40,2026-09-28 13:00,0,10,2.0,soil2,R0041,I0042,slips,0.0
2026-09-29_V1_1,2026-09-29,V1,D1,C1,S1,DS1,per_truck_day,1,2026-09-29 08:25,2026-09-29 08:40,2026-09-29 09:05,2026-09-29 09:40,0,25,5.5,soil2,R0043,I0044,slips,0.0
2026-09-29_V1_2,2026-09-29,V1,D1,C1,S1,DS1,per_truck_day,2,2026-09-29 10:17,2026-09-29 10:32,2026-09-29 10:57,2026-09-29 11:07,0,0,5.5,soil2,R0045,I0046,slips,0.0
2026-09-29_V1_3,2026-09-29,V1,D1,C1,S1,DS1,per_truck_day,3,2026-09-29 11:44,2026-09-29 11:59,2026-09-29 12:24,2026-09-29 12:34,0,0,5.5,soil2,R0047,I0048,slips,0.0
2026-09-29_V1_4,2026-09-29,V1,D1,C1,S1,DS1,per_truck_day,4,2026-09-29 13:11,2026-09-29 13:26,2026-09-29 13:51,2026-09-29 14:11,0,10,5.5,soil2,R0049,I0050,slips,0.0
2026-09-29_V2_1,2026-09-29,V2,D2,C2,S2,DS1,per_m3,1,2026-09-29 08:30,2026-09-29 10:35,2026-09-29 11:05,2026-09-29 11:15,110,0,5.5,soil1,R0051,I0052,slips,0.0
2026-09-29_V2_2,2026-09-29,V2,D2,C2,S2,DS1,per_m3,2,2026-09-29 12:00,2026-09-29 14:05,2026-09-29 14:35,2026-09-29 14:55,110,10,5.5,soil1,R0053,I0054,slips,0.0
2026-09-29_V3_1,2026-09-29,V3,D3,C3,S3,DS2,per_m3,1,2026-09-29 08:45,2026-09-29 09:00,2026-09-29 09:45,2026-09-29 09:55,0,0,5.5,soil3,R0055,I0056,slips,23100.0
2026-09-29_V3_2,2026-09-29,V3,D3,C3,S3,DS2,per_m3,2,2026-09-29 11:02,2026-09-29 11:17,2026-09-29 12:02,2026-09-29 12:42,0,30,5.5,soil3,R0057,I0058,slips,23100.0
2026-09-29_V3_3,2026-09-29,V3,D3,C3,S3,DS2,per_m3,3,2026-09-29 13:49,2026-09-29 14:04,2026-09-29 14:49,2026-09-29 15:29,0,30,5.5,soil3,R0059,I0060,slips,23100.0
2026-09-29_V4_1,2026-09-29,V4,D4,C2,S2,DS1,per_m3,1,2026-09-29 08:30,2026-09-29 08:45,2026-09-29 09:15,2026-09-29 09:25,0,0,5.5,soil1,R0061,I0062,slips,0.0
2026-09-29_V4_2,2026-09-29,V4,D4,C2,S2,DS1,per_m3,2,2026-09-29 10:10,2026-09-29 10:45,2026-09-29 11:15,2026-09-29 11:50,20,25,5.5,soil1,R0063,I0064,slips,0.0
2026-09-29_V4_3,2026-09-29,V4,D4,C2,S2,DS1,per_m3,3,2026-09-29 12:35,2026-09-29 14:00,2026-09-29 14:30,2026-09-29 14:50,70,10,5.5,soil1,R0065,I0066,slips,0.0
2026-09-29_V5_1,2026-09-29,V5,D5,C4,S4,DS1,per_truck_day,1,2026-09-29 08:20,2026-09-29 08:35,2026-09-29 08:55,2026-09-29 09:30,0,25,2.0,soil2,R0067,I0068,slips,0.0
2026-09-29_V5_2,2026-09-29,V5,D5,C4,S4,DS1,per_truck_day,2,2026-09-29 10:00,2026-09-29 10:15,2026-09-29 10:35,2026-09-29 11:10,0,25,2.0,soil2,R0069,I0070,slips,0.0
2026-09-29_V5_3,2026-09-29,V5,D5,C4,S4,DS1,per_truck_day,3,2026-09-29 11:40,2026-09-29 11:55,2026-09-29 12:15,2026-09-29 12:35,0,10,2.0,soil2,R0071,I0072,slips,0.0
2026-09-29_V5_4,2026-09-29,V5,D5,C4,S4,DS1,per_truck_day,4,2026-09-29 13:05,2026-09-29 13:20,2026-09-29 13:40,2026-09-29 14:00,0,10,2.0,soil2,R0073,I0074,slips,0.0
2026-09-29_V6_1,2026-09-29,V6,D6,C4,S4,DS1,per_truck_day,1,2026-09-29 08:20,2026-09-29 08:35,2026-09-29 08:55,2026-09-29 09:05,0,0,2.0,soil2,R0075,I0076,slips,0.0
2026-09-29_V6_2,2026-09-29,V6,D6,C4,S4,DS1,per_truck_day,2,2026-09-29 09:35,2026-09-29 09:50,2026-09-29 10:10,2026-09-29 10:20,0,0,2.0,soil2,R0077,I0078,slips,0.0
2026-09-29_V6_3,2026-09-29,V6,D6,C4,S4,DS1,per_truck_day,3,2026-09-29 10:50,2026-09-29 11:05,2026-09-29 11:25,2026-09-29 11:35,0,0,2.0,soil2,R0079,I0080,slips,0.0
2026-09-29_V6_4,2026-09-29,V6,D6,C4,S4,DS1,per_truck_day,4,2026-09-29 12:05,2026-09-29 12:20,2026-09-29 12:40,2026-09-29 12:50,0,0,2.0,soil2,R0081,I0082,slips,0.0
2026-09-30_V1_1,2026-09-30,V1,D1,C1,S1,DS1,per_truck_day,1,2026-09-30 08:25,2026-09-30 08:40,2026-09-30 09:05,2026-09-30 09:25,0,10,5.5,soil2,R0083,I0084,slips,0.0
2026-09-30_V1_2,2026-09-30,V1,D1,C1,S1,DS1,per_truck_day,2,2026-09-30 10:02,2026-09-30 10:17,2026-09-30 10:42,2026-09-30 11:17,0,25,5.5,soil2,R0085,I0086,slips,0.0
2026-09-30_V1_3,2026-09-30,V1,D1,C1,S1,DS1,per_truck_day,3,2026-09-30 11:54,2026-09-30 12:09,2026-09-30 12:34,2026-09-30 12:54,0,10,5.5,soil2,R0087,I0088,slips,0.0
2026-09-30_V1_4,2026-09-30,V1,D1,C1,S1,DS1,per_truck_day,4,2026-09-30 13:31,2026-09-30 13:46,2026-09-30 14:11,2026-09-30 14:46,0,25,5.5,soil2,R0089,I0090,slips,0.0
2026-09-30_V2_1,2026-09-30,V2,D2,C2,S2,DS1,per_m3,1,2026-09-30 08:30,2026-09-30 09:30,2026-09-30 10:00,2026-09-30 10:10,45,0,5.5,soil1,R0091,I0092,slips,0.0
2026-09-30_V2_2,2026-09-30,V2,D2,C2,S2,DS1,per_m3,2,2026-09-30 10:55,2026-09-30 11:10,2026-09-30 11:40,2026-09-30 12:15,0,25,5.5,soil1,R0093,I0094,slips,0.0
2026-09-30_V2_3,2026-09-30,V2,D2,C2,S2,DS1,per_m3,3,2026-09-30 13:00,2026-09-30 13:35,2026-09-30 14:05,2026-09-30 14:25,20,10,5.5,soil1,R0095,I0096,slips,0.0
2026-09-30_V3_1,2026-09-30,V3,D3,C3,S3,DS2,per_m3,1,2026-09-30 08:45,2026-09-30 09:00,2026-09-30 09:45,2026-09-30 09:55,0,0,5.5,soil3,R0097,I0098,slips,23100.0
2026-09-30_V3_2,2026-09-30,V3,D3,C3,S3,DS2,per_m3,2,2026-09-30 11:02,2026-09-30 11:17,2026-09-30 12:02,2026-09-30 12:27,0,15,5.5,soil3,R0099,I0100,slips,23100.0
2026-09-30_V3_3,2026-09-30,V3,D3,C3,S3,DS2,per_m3,3,2026-09-30 13:34,2026-09-30 13:49,2026-09-30 14:34,2026-09-30 14:59,0,15,5.5,soil3,R0101,I0102,slips,23100.0
2026-09-30_V4_1,2026-09-30,V4,D4,C2,S2,DS1,per_m3,1,2026-09-30 08:30,2026-09-30 10:20,2026-09-30 10:50,2026-09-30 11:00,95,0,5.5,soil1,R0103,I0104,slips,0.0
2026-09-30_V4_2,2026-09-30,V4,D4,C2,S2,DS1,per_m3,2,2026-09-30 11:45,2026-09-30 13:35,2026-09-30 14:05,2026-09-30 14:25,95,10,5.5,soil1,R0105,I0106,slips,0.0
2026-09-30_V4_3,2026-09-30,V4,D4,C2,S2,DS1,per_m3,3,2026-09-30 15:10,2026-09-30 17:00,2026-09-30 17:30,2026-09-30 18:05,95,25,5.5,soil1,R0107,I0108,slips,0.0
2026-09-30_V5_1,2026-09-30,V5,D5,C4,S4,DS1,per_truck_day,1,2026-09-30 08:20,2026-09-30 08:35,2026-09-30 08:55,2026-09-30 09:30,0,25,2.0,soil2,R0109,I0110,slips,0.0
2026-09-30_V5_2,2026-09-30,V5,D5,C4,S4,DS1,per_truck_day,2,2026-09-30 10:00,2026-09-30 10:15,2026-09-30 10:35,2026-09-30 10:45,0,0,2.0,soil2,R0111,I0112,slips,0.0
2026-09-30_V5_3,2026-09-30,V5,D5,C4,S4,DS1,per_truck_day,3,2026-09-30 11:15,2026-09-30 11:30,2026-09-30 11:50,2026-09-30 12:00,0,0,2.0,soil2,R0113,I0114,slips,0.0
2026-09-30_V5_4,2026-09-30,V5,D5,C4,S4,DS1,per_truck_day,4,2026-09-30 12:30,2026-09-30 12:45,2026-09-30 13:05,2026-09-30 13:25,0,10,2.0,soil2,R0115,I0116,slips,0.0
2026-09-30_V6_1,2026-09-30,V6,D6,C4,S4,DS1,per_truck_day,1,2026-09-30 08:20,2026-09-30 08:35,2026-09-30 08:55,2026-09-30 09:30,0,25,2.0,soil2,R0117,I0118,slips,0.0
2026-09-30_V6_2,2026-09-30,V6,D6,C4,S4,DS1,per_truck_day,2,2026-09-30 10:00,2026-09-30 10:15,2026-09-30 10:35,2026-09-30 10:45,0,0,2.0,soil2,R0119,I0120,slips,0.0
2026-09-30_V6_3,2026-09-30,V6,D6,C4,S4,DS1,per_truck_day,3,2026-09-30 11:15,2026-09-30 11:30,2026-09-30 11:50,2026-09-30 12:00,0,0,2.0,soil2,R0121,I0122,slips,0.0
2026-09-30_V6_4,2026-09-30,V6,D6,C4,S4,DS1,per_truck_day,4,2026-09-30 12:30,2026-09-30 12:45,2026-09-30 13:05,2026-09-30 13:25,0,10,2.0,soil2,R0123,I0124,slips,0.0
2026-10-01_V1_1,2026-10-01,V1,D1,C1,S1,DS1,per_truck_day,1,2026-10-01 08:25,2026-10-01 08:40,2026-10-01 09:05,2026-10-01 09:40,0,25,5.5,soil2,R0125,I0126,slips,0.0
2026-10-01_V1_2,2026-10-01,V1,D1,C1,S1,DS1,per_truck_day,2,2026-10-01 10:17,2026-10-01 10:32,2026-10-01 10:57,2026-10-01 11:17,0,10,5.5,soil2,R0127,I0128,slips,0.0
2026-10-01_V1_3,2026-10-01,V1,D1,C1,S1,DS1,per_truck_day,3,2026-10-01 11:54,2026-10-01 12:09,2026-10-01 12:34,2026-10-01 13:09,0,25,5.5,soil2,R0129,I0130,slips,0.0
2026-10-01_V1_4,2026-10-01,V1,D1,C1,S1,DS1,per_truck_day,4,2026-10-01 13:46,2026-10-01 14:01,2026-10-01 14:26,2026-10-01 14:46,0,10,5.5,soil2,R0131,I0132,slips,0.0
2026-10-01_V2_1,2026-10-01,V2,D2,C2,S2,DS1,per_m3,1,2026-10-01 08:30,2026-10-01 08:45,2026-10-01 09:15,2026-10-01 09:50,0,25,5.5,soil1,R0133,I0134,slips,0.0
2026-10-01_V2_2,2026-10-01,V2,D2,C2,S2,DS1,per_m3,2,2026-10-01 10:35,2026-10-01 11:35,2026-10-01 12:05,2026-10-01 12:15,45,0,5.5,soil1,R0135,I0136,slips,0.0
2026-10-01_V2_3,2026-10-01,V2,D2,C2,S2,DS1,per_m3,3,2026-10-01 13:00,2026-10-01 13:15,2026-10-01 13:45,2026-10-01 14:20,0,25,5.5,soil1,,I0137,partial,0.0
2026-10-01_V3_1,2026-10-01,V3,D3,C3,S3,DS2,per_m3,1,2026-10-01 08:45,2026-10-01 09:00,2026-10-01 09:45,2026-10-01 09:55,0,0,5.5,soil3,R0138,I0139,slips,23100.0
2026-10-01_V3_2,2026-10-01,V3,D3,C3,S3,DS2,per_m3,2,2026-10-01 11:02,2026-10-01 11:17,2026-10-01 12:02,2026-10-01 12:12,0,0,5.5,soil3,R0140,I0141,slips,23100.0
2026-10-01_V3_3,2026-10-01,V3,D3,C3,S3,DS2,per_m3,3,2026-10-01 13:19,2026-10-01 13:34,2026-10-01 14:19,2026-10-01 14:44,0,15,5.5,soil3,R0142,I0143,slips,23100.0
2026-10-01_V4_1,2026-10-01,V4,D4,C2,S2,DS1,per_m3,1,2026-10-01 08:30,2026-10-01 09:05,2026-10-01 09:35,2026-10-01 09:45,20,0,5.5,soil1,R0144,I0145,slips,0.0
2026-10-01_V4_2,2026-10-01,V4,D4,C2,S2,DS1,per_m3,2,2026-10-01 10:30,2026-10-01 11:55,2026-10-01 12:25,2026-10-01 13:00,70,25,5.5,soil1,R0146,I0147,slips,0.0
2026-10-01_V4_3,2026-10-01,V4,D4,C2,S2,DS1,per_m3,3,2026-10-01 13:45,2026-10-01 15:10,2026-10-01 15:40,2026-10-01 15:50,70,0,5.5,soil1,R0148,I0149,slips,0.0
2026-10-01_V5_1,2026-10-01,V5,D5,C4,S4,DS1,per_truck_day,1,2026-10-01 08:20,2026-10-01 08:35,2026-10-01 08:55,2026-10-01 09:05,0,0,2.0,soil2,R0150,I0151,slips,0.0
2026-10-01_V5_2,2026-10-01,V5,D5,C4,S4,DS1,per_truck_day,2,2026-10-01 09:35,2026-10-01 09:50,2026-10-01 10:10,2026-10-01 10:45,0,25,2.0,soil2,R0152,I0153,slips,0.0
2026-10-01_V5_3,2026-10-01,V5,D5,C4,S4,DS1,per_truck_day,3,2026-10-01 11:15,2026-10-01 11:30,2026-10-01 11:50,2026-10-01 12:25,0,25,2.0,soil2,R0154,I0155,slips,0.0
2026-10-01_V5_4,2026-10-01,V5,D5,C4,S4,DS1,per_truck_day,4,2026-10-01 12:55,2026-10-01 13:10,2026-10-01 13:30,2026-10-01 13:50,0,10,2.0,soil2,R0156,I0157,slips,0.0
2026-10-01_V6_1,2026-10-01,V6,D6,C4,S4,DS1,per_truck_day,1,2026-10-01 08:20,2026-10-01 08:35,2026-10-01 08:55,2026-10-01 09:05,0,0,2.0,soil2,R0158,I0159,slips,0.0
2026-10-01_V6_2,2026-10-01,V6,D6,C4,S4,DS1,per_truck_day,2,2026-10-01 09:35,2026-10-01 09:50,2026-10-01 10:10,2026-10-01 10:45,0,25,2.0,soil2,R0160,I0161,slips,0.0
2026-10-01_V6_3,2026-10-01,V6,D6,C4,S4,DS1,per_truck_day,3,2026-10-01 11:15,2026-10-01 11:30,2026-10-01 11:50,2026-10-01 12:10,0,10,2.0,soil2,R0162,I0163,slips,0.0
2026-10-01_V6_4,2026-10-01,V6,D6,C4,S4,DS1,per_truck_day,4,2026-10-01 12:40,2026-10-01 12:55,2026-10-01 13:15,2026-10-01 13:50,0,25,2.0,soil2,R0164,I0165,slips,0.0
2026-10-02_V1_1,2026-10-02,V1,D1,C1,S1,DS1,per_truck_day,1,2026-10-02 08:25,2026-10-02 08:40,2026-10-02 09:05,2026-10-02 09:25,0,10,5.5,soil2,R0166,I0167,slips,0.0
2026-10-02_V1_2,2026-10-02,V1,D1,C1,S1,DS1,per_truck_day,2,2026-10-02 10:02,2026-10-02 10:17,2026-10-02 10:42,2026-10-02 11:17,0,25,5.5,soil2,R0168,I0169,slips,0.0
2026-10-02_V1_3,2026-10-02,V1,D1,C1,S1,DS1,per_truck_day,3,2026-10-02 11:54,2026-10-02 12:09,2026-10-02 12:34,2026-10-02 12:44,0,0,5.5,soil2,R0170,I0171,slips,0.0
2026-10-02_V1_4,2026-10-02,V1,D1,C1,S1,DS1,per_truck_day,4,2026-10-02 13:21,2026-10-02 13:36,2026-10-02 14:01,2026-10-02 14:11,0,0,5.5,soil2,R0172,I0173,slips,0.0
2026-10-02_V2_1,2026-10-02,V2,D2,C2,S2,DS1,per_m3,1,2026-10-02 08:30,2026-10-02 08:45,2026-10-02 09:15,2026-10-02 09:25,0,0,5.5,soil1,R0174,I0175,slips,0.0
2026-10-02_V2_2,2026-10-02,V2,D2,C2,S2,DS1,per_m3,2,2026-10-02 10:10,2026-10-02 10:45,2026-10-02 11:15,2026-10-02 11:25,20,0,5.5,soil1,R0176,I0177,slips,0.0
2026-10-02_V2_3,2026-10-02,V2,D2,C2,S2,DS1,per_m3,3,2026-10-02 12:10,2026-10-02 12:45,2026-10-02 13:15,2026-10-02 13:25,20,0,5.5,soil1,R0178,I0179,slips,0.0
2026-10-02_V3_1,2026-10-02,V3,D3,C3,S3,DS2,per_m3,1,2026-10-02 08:45,2026-10-02 09:00,2026-10-02 09:45,2026-10-02 10:10,0,15,5.5,soil3,R0180,I0181,slips,23100.0
2026-10-02_V3_2,2026-10-02,V3,D3,C3,S3,DS2,per_m3,2,2026-10-02 11:17,2026-10-02 11:32,2026-10-02 12:17,2026-10-02 12:57,0,30,5.5,soil3,R0182,I0183,slips,23100.0
2026-10-02_V3_3,2026-10-02,V3,D3,C3,S3,DS2,per_m3,3,2026-10-02 14:04,2026-10-02 14:19,2026-10-02 15:04,2026-10-02 15:14,0,0,5.5,unknown,,,location_only,0.0
2026-10-02_V4_1,2026-10-02,V4,D4,C2,S2,DS1,per_m3,1,2026-10-02 08:30,2026-10-02 09:30,2026-10-02 10:00,2026-10-02 10:20,45,10,5.5,soil1,R0184,I0185,slips,0.0
2026-10-02_V4_2,2026-10-02,V4,D4,C2,S2,DS1,per_m3,2,2026-10-02 11:05,2026-10-02 11:20,2026-10-02 11:50,2026-10-02 12:00,0,0,5.5,soil1,R0186,I0187,slips,0.0
2026-10-02_V4_3,2026-10-02,V4,D4,C2,S2,DS1,per_m3,3,2026-10-02 12:45,2026-10-02 14:10,2026-10-02 14:40,2026-10-02 15:00,70,10,5.5,soil1,R0188,I0189,slips,0.0
2026-10-02_V5_1,2026-10-02,V5,D5,C4,S4,DS1,per_truck_day,1,2026-10-02 08:20,2026-10-02 08:35,2026-10-02 08:55,2026-10-02 09:15,0,10,2.0,soil2,R0190,I0191,slips,0.0
2026-10-02_V5_2,2026-10-02,V5,D5,C4,S4,DS1,per_truck_day,2,2026-10-02 09:45,2026-10-02 10:00,2026-10-02 10:20,2026-10-02 10:30,0,0,2.0,soil2,R0192,I0193,slips,0.0
2026-10-02_V5_3,2026-10-02,V5,D5,C4,S4,DS1,per_truck_day,3,2026-10-02 11:00,2026-10-02 11:15,2026-10-02 11:35,2026-10-02 11:45,0,0,2.0,soil2,R0194,I0195,slips,0.0
2026-10-02_V5_4,2026-10-02,V5,D5,C4,S4,DS1,per_truck_day,4,2026-10-02 12:15,2026-10-02 12:30,2026-10-02 12:50,2026-10-02 13:25,0,25,2.0,soil2,R0196,I0197,slips,0.0
2026-10-02_V5_5,2026-10-02,V5,D5,C4,S4,DS1,per_truck_day,5,2026-10-02 13:55,2026-10-02 14:10,2026-10-02 14:30,2026-10-02 15:05,0,25,2.0,soil2,R0198,I0199,slips,0.0
2026-10-02_V6_1,2026-10-02,V6,D6,C4,S4,DS1,per_truck_day,1,2026-10-02 08:20,2026-10-02 08:35,2026-10-02 08:55,2026-10-02 09:30,0,25,2.0,soil2,R0200,I0201,slips,0.0
2026-10-02_V6_2,2026-10-02,V6,D6,C4,S4,DS1,per_truck_day,2,2026-10-02 10:00,2026-10-02 10:15,2026-10-02 10:35,2026-10-02 11:10,0,25,2.0,soil2,R0202,I0203,slips,0.0
2026-10-02_V6_3,2026-10-02,V6,D6,C4,S4,DS1,per_truck_day,3,2026-10-02 11:40,2026-10-02 11:55,2026-10-02 12:15,2026-10-02 12:50,0,25,2.0,soil2,R0204,I0205,slips,0.0
2026-10-02_V6_4,2026-10-02,V6,D6,C4,S4,DS1,per_truck_day,4,2026-10-02 13:20,2026-10-02 13:35,2026-10-02 13:55,2026-10-02 14:05,0,0,2.0,soil2,R0206,I0207,slips,0.0
