date,vehicle_id,driver_id,site_id,planned_trips,disposal_id,start_time
2026-09-28,V1,D1,S1,4,DS1,08:00
2026-09-28,V2,D2,S2,3,DS1,08:00
2026-09-28,V3,D3,S3,3,DS2,08:00
2026-09-28,V4,D4,S2,3,DS1,08:00
2026-09-28,V5,D5,S4,4,DS1,08:00
2026-09-28,V6,D6,S4,4,DS1,08:00
2026-09-29,V1,D1,S1,4,DS1,08:00
2026-09-29,V2,D2,S2,3,DS1,08:00
2026-09-29,V3,D3,S3,3,DS2,08:00
2026-09-29,V4,D4,S2,3,DS1,08:00
2026-09-29,V5,D5,S4,4,DS1,08:00
2026-09-29,V6,D6,S4,4,DS1,08:00
2026-09-30,V1,D1,S1,4,DS1,08:00
2026-09-30,V2,D2,S2,3,DS1,08:00
2026-09-30,V3,D3,S3,3,DS2,08:00
2026-09-30,V4,D4,S2,3,DS1,08:00
2026-09-30,V5,D5,S4,4,DS1,08:00
2026-09-30,V6,D6,S4,4,DS1,08:00
2026-10-01,V1,D1,S1,4,DS1,08:00
2026-10-01,V2,D2,S2,3,DS1,08:00
2026-10-01,V3,D3,S3,3,DS2,08:00
2026-10-01,V4,D4,S2,3,DS1,08:00
2026-10-01,V5,D5,S4,4,DS1,08:00
2026-10-01,V6,D6,S4,4,DS1,08:00
2026-10-02,V1,D1,S1,4,DS1,08:00
2026-10-02,V2,D2,S2,3,DS1,08:00
2026-10-02,V3,D3,S3,3,DS2,08:00
2026-10-02,V4,D4,S2,3,DS1,08:00
2026-10-02,V5,D5,S4,4,DS1,08:00
2026-10-02,V6,D6,S4,4,DS1,08:00
