date,time,hauler,vehicle_id,vclass,soil_type,volume_m3,payment
2026-09-28,07:28,港北建設,,4t,soil2,2.0,credit
2026-09-28,07:33,横浜土木,,2t,soil2,1.2,credit
2026-09-28,08:10,青葉造園,,10t,soil2,5.5,cash
2026-09-28,08:13,個人持込,,10t,soil1,5.5,cash
2026-09-28,08:23,田村運輸,,10t,soil1,5.5,credit
2026-09-28,09:00,自社,V5,4t,soil2,2.0,internal
2026-09-28,09:00,自社,V6,4t,soil2,2.0,internal
2026-09-28,09:10,自社,V1,10t,soil2,5.5,internal
2026-09-28,09:12,川崎解体,,4t,soil1,2.0,cash
2026-09-28,09:15,横浜土木,,4t,soil1,2.0,credit
2026-09-28,09:20,自社,V2,10t,soil1,5.5,internal
2026-09-28,09:20,自社,V4,10t,soil1,5.5,internal
2026-09-28,09:24,港北建設,,4t,soil1,2.0,credit
2026-09-28,09:38,田村運輸,,10t,soil2,5.5,credit
2026-09-28,09:47,青葉造園,,10t,soil1,5.5,cash
2026-09-28,09:55,横浜土木,,10t,soil4,5.5,credit
2026-09-28,10:01,横浜土木,,4t,soil2,2.0,credit
2026-09-28,10:08,港北建設,,10t,soil1,5.5,credit
2026-09-28,10:14,港北建設,,10t,soil4,5.5,credit
2026-09-28,10:14,港北建設,,10t,soil3,5.5,credit
2026-09-28,10:15,自社,V5,4t,soil2,2.0,internal
2026-09-28,10:15,自社,V6,4t,soil2,2.0,internal
2026-09-28,10:23,横浜土木,,2t,soil1,1.2,credit
2026-09-28,10:40,横浜土木,,10t,soil3,5.5,credit
2026-09-28,10:41,田村運輸,,10t,soil4,5.5,credit
2026-09-28,10:45,田村運輸,,2t,soil1,1.2,credit
2026-09-28,10:47,自社,V1,10t,soil2,5.5,internal
2026-09-28,11:00,自社,V4,10t,soil1,5.5,internal
2026-09-28,11:29,青葉造園,,4t,soil1,2.0,cash
2026-09-28,11:30,自社,V5,4t,soil2,2.0,internal
2026-09-28,11:30,自社,V6,4t,soil2,2.0,internal
2026-09-28,11:37,田村運輸,,2t,soil1,1.2,credit
2026-09-28,11:45,自社,V2,10t,soil1,5.5,internal
2026-09-28,11:59,田村運輸,,2t,soil2,1.2,credit
2026-09-28,12:01,個人持込,,10t,soil1,5.5,cash
2026-09-28,12:06,青葉造園,,4t,soil1,2.0,cash
2026-09-28,12:14,自社,V1,10t,soil2,5.5,internal
2026-09-28,12:29,横浜土木,,4t,soil1,2.0,credit
2026-09-28,12:30,個人持込,,4t,soil2,2.0,cash
2026-09-28,12:45,自社,V6,4t,soil2,2.0,internal
2026-09-28,13:05,自社,V4,10t,soil1,5.5,internal
2026-09-28,13:10,自社,V5,4t,soil2,2.0,internal
2026-09-28,13:16,川崎解体,,2t,soil3,1.2,cash
2026-09-28,13:22,川崎解体,,10t,soil3,5.5,cash
2026-09-28,13:45,自社,V2,10t,soil1,5.5,internal
2026-09-28,14:06,自社,V1,10t,soil2,5.5,internal
2026-09-28,14:10,川崎解体,,2t,soil1,1.2,cash
2026-09-28,14:11,横浜土木,,10t,soil1,5.5,credit
2026-09-28,14:47,港北建設,,4t,soil3,2.0,credit
2026-09-28,15:08,港北建設,,10t,soil3,5.5,credit
2026-09-28,15:23,港北建設,,4t,soil1,2.0,credit
2026-09-28,16:25,川崎解体,,4t,soil3,2.0,cash
2026-09-28,16:39,川崎解体,,4t,soil2,2.0,cash
2026-09-29,07:57,田村運輸,,10t,soil2,5.5,credit
2026-09-29,08:00,横浜土木,,4t,soil1,2.0,credit
2026-09-29,08:01,個人持込,,4t,soil1,2.0,cash
2026-09-29,08:03,港北建設,,10t,soil2,5.5,credit
2026-09-29,08:49,田村運輸,,4t,soil1,2.0,credit
2026-09-29,08:54,個人持込,,4t,soil3,2.0,cash
2026-09-29,09:00,自社,V5,4t,soil2,2.0,internal
2026-09-29,09:00,自社,V6,4t,soil2,2.0,internal
2026-09-29,09:02,田村運輸,,10t,soil1,5.5,credit
2026-09-29,09:07,横浜土木,,4t,soil2,2.0,credit
2026-09-29,09:10,自社,V1,10t,soil2,5.5,internal
2026-09-29,09:19,個人持込,,4t,soil1,2.0,cash
2026-09-29,09:19,横浜土木,,10t,soil1,5.5,credit
2026-09-29,09:20,自社,V4,10t,soil1,5.5,internal
2026-09-29,09:28,川崎解体,,10t,soil3,5.5,cash
2026-09-29,09:28,個人持込,,10t,soil2,5.5,cash
2026-09-29,10:01,港北建設,,2t,soil1,1.2,credit
2026-09-29,10:04,横浜土木,,10t,soil1,5.5,credit
2026-09-29,10:15,自社,V6,4t,soil2,2.0,internal
2026-09-29,10:40,自社,V5,4t,soil2,2.0,internal
2026-09-29,10:46,川崎解体,,10t,soil1,5.5,cash
2026-09-29,11:02,自社,V1,10t,soil2,5.5,internal
2026-09-29,11:10,自社,V2,10t,soil1,5.5,internal
2026-09-29,11:20,自社,V4,10t,soil1,5.5,internal
2026-09-29,11:30,自社,V6,4t,soil2,2.0,internal
2026-09-29,11:34,港北建設,,4t,soil2,2.0,credit
2026-09-29,11:42,個人持込,,4t,soil1,2.0,cash
2026-09-29,11:45,川崎解体,,4t,soil1,2.0,cash
2026-09-29,11:49,個人持込,,10t,soil2,5.5,cash
2026-09-29,12:20,自社,V5,4t,soil2,2.0,internal
2026-09-29,12:20,青葉造園,,10t,soil2,5.5,cash
2026-09-29,12:29,自社,V1,10t,soil2,5.5,internal
2026-09-29,12:32,個人持込,,10t,soil1,5.5,cash
2026-09-29,12:45,自社,V6,4t,soil2,2.0,internal
2026-09-29,13:23,田村運輸,,4t,soil4,2.0,credit
2026-09-29,13:32,田村運輸,,10t,soil1,5.5,credit
2026-09-29,13:45,自社,V5,4t,soil2,2.0,internal
2026-09-29,13:56,自社,V1,10t,soil2,5.5,internal
2026-09-29,13:56,青葉造園,,10t,soil4,5.5,cash
2026-09-29,14:35,自社,V4,10t,soil1,5.5,internal
2026-09-29,14:40,自社,V2,10t,soil1,5.5,internal
2026-09-29,14:54,横浜土木,,10t,soil3,5.5,credit
2026-09-29,14:56,田村運輸,,4t,soil4,2.0,credit
2026-09-29,15:39,川崎解体,,10t,soil1,5.5,cash
2026-09-29,16:14,横浜土木,,10t,soil3,5.5,credit
2026-09-29,16:25,横浜土木,,4t,soil2,2.0,credit
2026-09-29,16:38,田村運輸,,10t,soil1,5.5,credit
2026-09-30,07:08,個人持込,,2t,soil1,1.2,cash
2026-09-30,08:25,田村運輸,,4t,soil1,2.0,credit
2026-09-30,08:33,個人持込,,10t,soil3,5.5,cash
2026-09-30,08:53,個人持込,,10t,soil2,5.5,cash
2026-09-30,09:00,自社,V5,4t,soil2,2.0,internal
2026-09-30,09:00,自社,V6,4t,soil2,2.0,internal
2026-09-30,09:04,田村運輸,,2t,soil2,1.2,credit
2026-09-30,09:10,自社,V1,10t,soil2,5.5,internal
2026-09-30,09:14,青葉造園,,10t,soil1,5.5,cash
2026-09-30,09:28,川崎解体,,4t,soil2,2.0,cash
2026-09-30,09:40,港北建設,,4t,soil1,2.0,credit
2026-09-30,09:47,川崎解体,,4t,soil2,2.0,cash
2026-09-30,09:49,川崎解体,,10t,soil2,5.5,cash
2026-09-30,10:05,自社,V2,10t,soil1,5.5,internal
2026-09-30,10:28,個人持込,,10t,soil4,5.5,cash
2026-09-30,10:30,川崎解体,,4t,soil1,2.0,cash
2026-09-30,10:30,個人持込,,10t,soil2,5.5,cash
2026-09-30,10:35,田村運輸,,10t,soil1,5.5,credit
2026-09-30,10:40,自社,V5,4t,soil2,2.0,internal
2026-09-30,10:40,自社,V6,4t,soil2,2.0,internal
2026-09-30,10:47,自社,V1,10t,soil2,5.5,internal
2026-09-30,10:55,自社,V4,10t,soil1,5.5,internal
2026-09-30,11:04,横浜土木,,10t,soil1,5.5,credit
2026-09-30,11:12,田村運輸,,4t,soil1,2.0,credit
2026-09-30,11:18,青葉造園,,10t,soil2,5.5,cash
2026-09-30,11:42,港北建設,,10t,soil1,5.5,credit
2026-09-30,11:45,自社,V2,10t,soil1,5.5,internal
2026-09-30,11:48,横浜土木,,4t,soil2,2.0,credit
2026-09-30,11:55,自社,V5,4t,soil2,2.0,internal
2026-09-30,11:55,自社,V6,4t,soil2,2.0,internal
2026-09-30,12:39,自社,V1,10t,soil2,5.5,internal
2026-09-30,12:44,港北建設,,2t,soil4,1.2,credit
2026-09-30,12:56,個人持込,,10t,soil2,5.5,cash
2026-09-30,13:10,自社,V5,4t,soil2,2.0,internal
2026-09-30,13:10,自社,V6,4t,soil2,2.0,internal
2026-09-30,13:24,青葉造園,,4t,soil1,2.0,cash
2026-09-30,13:40,川崎解体,,4t,soil3,2.0,cash
2026-09-30,13:41,個人持込,,10t,soil3,5.5,cash
2026-09-30,13:43,港北建設,,4t,soil2,2.0,credit
2026-09-30,14:10,自社,V2,10t,soil1,5.5,internal
2026-09-30,14:10,自社,V4,10t,soil1,5.5,internal
2026-09-30,14:16,自社,V1,10t,soil2,5.5,internal
2026-09-30,14:16,横浜土木,,4t,soil1,2.0,credit
2026-09-30,14:36,港北建設,,4t,soil4,2.0,credit
2026-09-30,14:38,横浜土木,,2t,soil3,1.2,credit
2026-09-30,14:51,個人持込,,10t,soil2,5.5,cash
2026-09-30,15:13,川崎解体,,4t,soil1,2.0,cash
2026-09-30,15:43,田村運輸,,2t,soil2,1.2,credit
2026-09-30,16:53,横浜土木,,10t,soil4,5.5,credit
2026-09-30,17:35,自社,V4,10t,soil1,5.5,internal
2026-10-01,07:31,青葉造園,,10t,soil1,5.5,cash
2026-10-01,08:30,個人持込,,10t,soil2,5.5,cash
2026-10-01,08:30,港北建設,,4t,soil1,2.0,credit
2026-10-01,08:46,港北建設,,4t,soil2,2.0,credit
2026-10-01,08:55,青葉造園,,10t,soil2,5.5,cash
2026-10-01,08:57,青葉造園,,10t,soil2,5.5,cash
2026-10-01,08:59,川崎解体,,10t,soil3,5.5,cash
2026-10-01,09:00,自社,V5,4t,soil2,2.0,internal
2026-10-01,09:00,自社,V6,4t,soil2,2.0,internal
2026-10-01,09:05,青葉造園,,10t,soil1,5.5,cash
2026-10-01,09:10,自社,V1,10t,soil2,5.5,internal
2026-10-01,09:16,横浜土木,,10t,soil1,5.5,credit
2026-10-01,09:20,自社,V2,10t,soil1,5.5,internal
2026-10-01,09:32,個人持込,,4t,soil1,2.0,cash
2026-10-01,09:40,自社,V4,10t,soil1,5.5,internal
2026-10-01,09:41,個人持込,,2t,soil4,1.2,cash
2026-10-01,09:47,田村運輸,,10t,soil1,5.5,credit
2026-10-01,09:57,横浜土木,,2t,soil1,1.2,credit
2026-10-01,10:15,自社,V5,4t,soil2,2.0,internal
2026-10-01,10:15,自社,V6,4t,soil2,2.0,internal
2026-10-01,11:02,自社,V1,10t,soil2,5.5,internal
2026-10-01,11:55,自社,V5,4t,soil2,2.0,internal
2026-10-01,11:55,自社,V6,4t,soil2,2.0,internal
2026-10-01,11:56,田村運輸,,2t,soil1,1.2,credit
2026-10-01,12:10,自社,V2,10t,soil1,5.5,internal
2026-10-01,12:30,自社,V4,10t,soil1,5.5,internal
2026-10-01,12:39,自社,V1,10t,soil2,5.5,internal
2026-10-01,13:07,横浜土木,,10t,soil2,5.5,credit
2026-10-01,13:17,川崎解体,,4t,soil2,2.0,cash
2026-10-01,13:18,横浜土木,,2t,soil2,1.2,credit
2026-10-01,13:20,自社,V6,4t,soil2,2.0,internal
2026-10-01,13:26,個人持込,,10t,soil1,5.5,cash
2026-10-01,13:35,自社,V5,4t,soil2,2.0,internal
2026-10-01,13:44,田村運輸,,10t,soil1,5.5,credit
2026-10-01,13:50,自社,V2,10t,soil1,5.5,internal
2026-10-01,14:00,川崎解体,,10t,soil1,5.5,cash
2026-10-01,14:16,田村運輸,,10t,soil1,5.5,credit
2026-10-01,14:16,横浜土木,,2t,soil1,1.2,credit
2026-10-01,14:18,田村運輸,,10t,soil1,5.5,credit
2026-10-01,14:27,川崎解体,,4t,soil3,2.0,cash
2026-10-01,14:28,田村運輸,,10t,soil2,5.5,credit
2026-10-01,14:31,自社,V1,10t,soil2,5.5,internal
2026-10-01,14:54,田村運輸,,10t,soil4,5.5,credit
2026-10-01,15:08,川崎解体,,10t,soil1,5.5,cash
2026-10-01,15:13,川崎解体,,10t,soil1,5.5,cash
2026-10-01,15:35,田村運輸,,2t,soil1,1.2,credit
2026-10-01,15:45,自社,V4,10t,soil1,5.5,internal
2026-10-01,15:48,青葉造園,,10t,soil1,5.5,cash
2026-10-01,16:37,川崎解体,,4t,soil1,2.0,cash
2026-10-02,07:08,田村運輸,,10t,soil3,5.5,credit
2026-10-02,07:38,横浜土木,,10t,soil1,5.5,credit
2026-10-02,08:25,横浜土木,,10t,soil1,5.5,credit
2026-10-02,08:59,青葉造園,,10t,soil2,5.5,cash
2026-10-02,09:00,自社,V5,4t,soil2,2.0,internal
2026-10-02,09:00,自社,V6,4t,soil2,2.0,internal
2026-10-02,09:06,港北建設,,10t,soil4,5.5,credit
2026-10-02,09:10,自社,V1,10t,soil2,5.5,internal
2026-10-02,09:15,個人持込,,4t,soil2,2.0,cash
2026-10-02,09:16,川崎解体,,10t,soil1,5.5,cash
2026-10-02,09:17,青葉造園,,10t,soil2,5.5,cash
2026-10-02,09:20,自社,V2,10t,soil1,5.5,internal
2026-10-02,09:25,横浜土木,,4t,soil1,2.0,credit
2026-10-02,09:56,横浜土木,,4t,soil2,2.0,credit
2026-10-02,10:01,田村運輸,,10t,soil2,5.5,credit
2026-10-02,10:05,自社,V4,10t,soil1,5.5,internal
2026-10-02,10:25,自社,V5,4t,soil2,2.0,internal
2026-10-02,10:40,自社,V6,4t,soil2,2.0,internal
2026-10-02,10:47,自社,V1,10t,soil2,5.5,internal
2026-10-02,10:52,個人持込,,10t,soil1,5.5,cash
2026-10-02,11:11,川崎解体,,4t,soil4,2.0,cash
2026-10-02,11:20,自社,V2,10t,soil1,5.5,internal
2026-10-02,11:20,田村運輸,,10t,soil1,5.5,credit
2026-10-02,11:37,田村運輸,,4t,soil1,2.0,credit
2026-10-02,11:40,自社,V5,4t,soil2,2.0,internal
2026-10-02,11:55,自社,V4,10t,soil1,5.5,internal
2026-10-02,12:20,自社,V6,4t,soil2,2.0,internal
2026-10-02,12:23,川崎解体,,4t,soil2,2.0,cash
2026-10-02,12:39,自社,V1,10t,soil2,5.5,internal
2026-10-02,12:55,自社,V5,4t,soil2,2.0,internal
2026-10-02,13:05,横浜土木,,10t,soil3,5.5,credit
2026-10-02,13:19,横浜土木,,10t,soil4,5.5,credit
2026-10-02,13:20,自社,V2,10t,soil1,5.5,internal
2026-10-02,13:23,青葉造園,,4t,soil2,2.0,cash
2026-10-02,13:38,横浜土木,,10t,soil1,5.5,credit
2026-10-02,13:44,横浜土木,,2t,soil1,1.2,credit
2026-10-02,13:55,横浜土木,,2t,soil2,1.2,credit
2026-10-02,13:57,田村運輸,,4t,soil1,2.0,credit
2026-10-02,14:00,自社,V6,4t,soil2,2.0,internal
2026-10-02,14:00,横浜土木,,10t,soil1,5.5,credit
2026-10-02,14:06,自社,V1,10t,soil2,5.5,internal
2026-10-02,14:26,港北建設,,4t,soil3,2.0,credit
2026-10-02,14:29,個人持込,,2t,soil2,1.2,cash
2026-10-02,14:35,自社,V5,4t,soil2,2.0,internal
2026-10-02,14:45,自社,V4,10t,soil1,5.5,internal
2026-10-02,14:47,個人持込,,10t,soil1,5.5,cash
2026-10-02,15:14,川崎解体,,4t,soil2,2.0,cash
2026-10-02,16:06,横浜土木,,4t,soil1,2.0,credit
2026-10-02,16:19,港北建設,,4t,soil1,2.0,credit
