date,vehicle_id,place_type,place_id,arrive,depart
2026-09-28,V1,site,S1,2026-09-28 08:25,2026-09-28 08:40
2026-09-28,V1,disposal,DS1,2026-09-28 09:05,2026-09-28 09:25
2026-09-28,V1,site,S1,2026-09-28 10:02,2026-09-28 10:17
2026-09-28,V1,disposal,DS1,2026-09-28 10:42,2026-09-28 10:52
2026-09-28,V1,site,S1,2026-09-28 11:29,2026-09-28 11:44
2026-09-28,V1,disposal,DS1,2026-09-28 12:09,2026-09-28 12:44
2026-09-28,V1,site,S1,2026-09-28 13:21,2026-09-28 13:36
2026-09-28,V1,disposal,DS1,2026-09-28 14:01,2026-09-28 14:11
2026-09-28,V2,site,S2,2026-09-28 08:30,2026-09-28 08:45
2026-09-28,V2,disposal,DS1,2026-09-28 09:15,2026-09-28 09:25
2026-09-28,V2,site,S2,2026-09-28 10:10,2026-09-28 11:10
2026-09-28,V2,disposal,DS1,2026-09-28 11:40,2026-09-28 11:50
2026-09-28,V2,site,S2,2026-09-28 12:35,2026-09-28 13:10
2026-09-28,V2,disposal,DS1,2026-09-28 13:40,2026-09-28 13:50
2026-09-28,V3,site,S3,2026-09-28 08:45,2026-09-28 09:00
2026-09-28,V3,disposal,DS2,2026-09-28 09:45,2026-09-28 09:55
2026-09-28,V3,site,S3,2026-09-28 11:02,2026-09-28 11:17
2026-09-28,V3,disposal,DS2,2026-09-28 12:02,2026-09-28 12:27
2026-09-28,V3,site,S3,2026-09-28 13:34,2026-09-28 13:49
2026-09-28,V3,disposal,DS2,2026-09-28 14:34,2026-09-28 14:59
2026-09-28,V4,site,S2,2026-09-28 08:30,2026-09-28 08:45
2026-09-28,V4,disposal,DS1,2026-09-28 09:15,2026-09-28 09:25
2026-09-28,V4,site,S2,2026-09-28 10:10,2026-09-28 10:25
2026-09-28,V4,disposal,DS1,2026-09-28 10:55,2026-09-28 11:30
2026-09-28,V4,site,S2,2026-09-28 12:15,2026-09-28 12:30
2026-09-28,V4,disposal,DS1,2026-09-28 13:00,2026-09-28 13:10
2026-09-28,V5,site,S4,2026-09-28 08:20,2026-09-28 08:35
2026-09-28,V5,disposal,DS1,2026-09-28 08:55,2026-09-28 09:05
2026-09-28,V5,site,S4,2026-09-28 09:35,2026-09-28 09:50
2026-09-28,V5,disposal,DS1,2026-09-28 10:10,2026-09-28 10:20
2026-09-28,V5,site,S4,2026-09-28 10:50,2026-09-28 11:05
2026-09-28,V5,disposal,DS1,2026-09-28 11:25,2026-09-28 12:00
2026-09-28,V5,site,S4,2026-09-28 12:30,2026-09-28 12:45
2026-09-28,V5,disposal,DS1,2026-09-28 13:05,2026-09-28 13:15
2026-09-28,V6,site,S4,2026-09-28 08:20,2026-09-28 08:35
2026-09-28,V6,disposal,DS1,2026-09-28 08:55,2026-09-28 09:05
2026-09-28,V6,site,S4,2026-09-28 09:35,2026-09-28 09:50
2026-09-28,V6,disposal,DS1,2026-09-28 10:10,2026-09-28 10:20
2026-09-28,V6,site,S4,2026-09-28 10:50,2026-09-28 11:05
2026-09-28,V6,disposal,DS1,2026-09-28 11:25,2026-09-28 11:35
2026-09-28,V6,site,S4,2026-09-28 12:05,2026-09-28 12:20
2026-09-28,V6,disposal,DS1,2026-09-28 12:40,2026-09-28 13:00
2026-09-29,V1,site,S1,2026-09-29 08:25,2026-09-29 08:40
2026-09-29,V1,disposal,DS1,2026-09-29 09:05,2026-09-29 09:40
2026-09-29,V1,site,S1,2026-09-29 10:17,2026-09-29 10:32
2026-09-29,V1,disposal,DS1,2026-09-29 10:57,2026-09-29 11:07
2026-09-29,V1,site,S1,2026-09-29 11:44,2026-09-29 11:59
2026-09-29,V1,disposal,DS1,2026-09-29 12:24,2026-09-29 12:34
2026-09-29,V1,site,S1,2026-09-29 13:11,2026-09-29 13:26
2026-09-29,V1,disposal,DS1,2026-09-29 13:51,2026-09-29 14:11
2026-09-29,V2,site,S2,2026-09-29 08:30,2026-09-29 10:35
2026-09-29,V2,disposal,DS1,2026-09-29 11:05,2026-09-29 11:15
2026-09-29,V2,site,S2,2026-09-29 12:00,2026-09-29 14:05
2026-09-29,V2,disposal,DS1,2026-09-29 14:35,2026-09-29 14:55
2026-09-29,V3,site,S3,2026-09-29 08:45,2026-09-29 09:00
2026-09-29,V3,disposal,DS2,2026-09-29 09:45,2026-09-29 09:55
2026-09-29,V3,site,S3,2026-09-29 11:02,2026-09-29 11:17
2026-09-29,V3,disposal,DS2,2026-09-29 12:02,2026-09-29 12:42
2026-09-29,V3,site,S3,2026-09-29 13:49,2026-09-29 14:04
2026-09-29,V3,disposal,DS2,2026-09-29 14:49,2026-09-29 15:29
2026-09-29,V4,site,S2,2026-09-29 08:30,2026-09-29 08:45
2026-09-29,V4,disposal,DS1,2026-09-29 09:15,2026-09-29 09:25
2026-09-29,V4,site,S2,2026-09-29 10:10,2026-09-29 10:45
2026-09-29,V4,disposal,DS1,2026-09-29 11:15,2026-09-29 11:50
2026-09-29,V4,site,S2,2026-09-29 12:35,2026-09-29 14:00
2026-09-29,V4,disposal,DS1,2026-09-29 14:30,2026-09-29 14:50
2026-09-29,V5,site,S4,2026-09-29 08:20,2026-09-29 08:35
2026-09-29,V5,disposal,DS1,2026-09-29 08:55,2026-09-29 09:30
2026-09-29,V5,site,S4,2026-09-29 10:00,2026-09-29 10:15
2026-09-29,V5,disposal,DS1,2026-09-29 10:35,2026-09-29 11:10
2026-09-29,V5,site,S4,2026-09-29 11:40,2026-09-29 11:55
2026-09-29,V5,disposal,DS1,2026-09-29 12:15,2026-09-29 12:35
2026-09-29,V5,site,S4,2026-09-29 13:05,2026-09-29 13:20
2026-09-29,V5,disposal,DS1,2026-09-29 13:40,2026-09-29 14:00
2026-09-29,V6,site,S4,2026-09-29 08:20,2026-09-29 08:35
2026-09-29,V6,disposal,DS1,2026-09-29 08:55,2026-09-29 09:05
2026-09-29,V6,site,S4,2026-09-29 09:35,2026-09-29 09:50
2026-09-29,V6,disposal,DS1,2026-09-29 10:10,2026-09-29 10:20
2026-09-29,V6,site,S4,2026-09-29 10:50,2026-09-29 11:05
2026-09-29,V6,disposal,DS1,2026-09-29 11:25,2026-09-29 11:35
2026-09-29,V6,site,S4,2026-09-29 12:05,2026-09-29 12:20
2026-09-29,V6,disposal,DS1,2026-09-29 12:40,2026-09-29 12:50
2026-09-30,V1,site,S1,2026-09-30 08:25,2026-09-30 08:40
2026-09-30,V1,disposal,DS1,2026-09-30 09:05,2026-09-30 09:25
2026-09-30,V1,site,S1,2026-09-30 10:02,2026-09-30 10:17
2026-09-30,V1,disposal,DS1,2026-09-30 10:42,2026-09-30 11:17
2026-09-30,V1,site,S1,2026-09-30 11:54,2026-09-30 12:09
2026-09-30,V1,disposal,DS1,2026-09-30 12:34,2026-09-30 12:54
2026-09-30,V1,site,S1,2026-09-30 13:31,2026-09-30 13:46
2026-09-30,V1,disposal,DS1,2026-09-30 14:11,2026-09-30 14:46
2026-09-30,V2,site,S2,2026-09-30 08:30,2026-09-30 09:30
2026-09-30,V2,disposal,DS1,2026-09-30 10:00,2026-09-30 10:10
2026-09-30,V2,site,S2,2026-09-30 10:55,2026-09-30 11:10
2026-09-30,V2,disposal,DS1,2026-09-30 11:40,2026-09-30 12:15
2026-09-30,V2,site,S2,2026-09-30 13:00,2026-09-30 13:35
2026-09-30,V2,disposal,DS1,2026-09-30 14:05,2026-09-30 14:25
2026-09-30,V3,site,S3,2026-09-30 08:45,2026-09-30 09:00
2026-09-30,V3,disposal,DS2,2026-09-30 09:45,2026-09-30 09:55
2026-09-30,V3,site,S3,2026-09-30 11:02,2026-09-30 11:17
2026-09-30,V3,disposal,DS2,2026-09-30 12:02,2026-09-30 12:27
2026-09-30,V3,site,S3,2026-09-30 13:34,2026-09-30 13:49
2026-09-30,V3,disposal,DS2,2026-09-30 14:34,2026-09-30 14:59
2026-09-30,V4,site,S2,2026-09-30 08:30,2026-09-30 10:20
2026-09-30,V4,disposal,DS1,2026-09-30 10:50,2026-09-30 11:00
2026-09-30,V4,site,S2,2026-09-30 11:45,2026-09-30 13:35
2026-09-30,V4,disposal,DS1,2026-09-30 14:05,2026-09-30 14:25
2026-09-30,V4,site,S2,2026-09-30 15:10,2026-09-30 17:00
2026-09-30,V4,disposal,DS1,2026-09-30 17:30,2026-09-30 18:05
2026-09-30,V5,site,S4,2026-09-30 08:20,2026-09-30 08:35
2026-09-30,V5,disposal,DS1,2026-09-30 08:55,2026-09-30 09:30
2026-09-30,V5,site,S4,2026-09-30 10:00,2026-09-30 10:15
2026-09-30,V5,disposal,DS1,2026-09-30 10:35,2026-09-30 10:45
2026-09-30,V5,site,S4,2026-09-30 11:15,2026-09-30 11:30
2026-09-30,V5,disposal,DS1,2026-09-30 11:50,2026-09-30 12:00
2026-09-30,V5,site,S4,2026-09-30 12:30,2026-09-30 12:45
2026-09-30,V5,disposal,DS1,2026-09-30 13:05,2026-09-30 13:25
2026-09-30,V6,site,S4,2026-09-30 08:20,2026-09-30 08:35
2026-09-30,V6,disposal,DS1,2026-09-30 08:55,2026-09-30 09:30
2026-09-30,V6,site,S4,2026-09-30 10:00,2026-09-30 10:15
2026-09-30,V6,disposal,DS1,2026-09-30 10:35,2026-09-30 10:45
2026-09-30,V6,site,S4,2026-09-30 11:15,2026-09-30 11:30
2026-09-30,V6,disposal,DS1,2026-09-30 11:50,2026-09-30 12:00
2026-09-30,V6,site,S4,2026-09-30 12:30,2026-09-30 12:45
2026-09-30,V6,disposal,DS1,2026-09-30 13:05,2026-09-30 13:25
2026-10-01,V1,site,S1,2026-10-01 08:25,2026-10-01 08:40
2026-10-01,V1,disposal,DS1,2026-10-01 09:05,2026-10-01 09:40
2026-10-01,V1,site,S1,2026-10-01 10:17,2026-10-01 10:32
2026-10-01,V1,disposal,DS1,2026-10-01 10:57,2026-10-01 11:17
2026-10-01,V1,site,S1,2026-10-01 11:54,2026-10-01 12:09
2026-10-01,V1,disposal,DS1,2026-10-01 12:34,2026-10-01 13:09
2026-10-01,V1,site,S1,2026-10-01 13:46,2026-10-01 14:01
2026-10-01,V1,disposal,DS1,2026-10-01 14:26,2026-10-01 14:46
2026-10-01,V2,site,S2,2026-10-01 08:30,2026-10-01 08:45
2026-10-01,V2,disposal,DS1,2026-10-01 09:15,2026-10-01 09:50
2026-10-01,V2,site,S2,2026-10-01 10:35,2026-10-01 11:35
2026-10-01,V2,disposal,DS1,2026-10-01 12:05,2026-10-01 12:15
2026-10-01,V2,site,S2,2026-10-01 13:00,2026-10-01 13:15
2026-10-01,V2,disposal,DS1,2026-10-01 13:45,2026-10-01 14:20
2026-10-01,V3,site,S3,2026-10-01 08:45,2026-10-01 09:00
2026-10-01,V3,disposal,DS2,2026-10-01 09:45,2026-10-01 09:55
2026-10-01,V3,site,S3,2026-10-01 11:02,2026-10-01 11:17
2026-10-01,V3,disposal,DS2,2026-10-01 12:02,2026-10-01 12:12
2026-10-01,V3,site,S3,2026-10-01 13:19,2026-10-01 13:34
2026-10-01,V3,disposal,DS2,2026-10-01 14:19,2026-10-01 14:44
2026-10-01,V4,site,S2,2026-10-01 08:30,2026-10-01 09:05
2026-10-01,V4,disposal,DS1,2026-10-01 09:35,2026-10-01 09:45
2026-10-01,V4,site,S2,2026-10-01 10:30,2026-10-01 11:55
2026-10-01,V4,disposal,DS1,2026-10-01 12:25,2026-10-01 13:00
2026-10-01,V4,site,S2,2026-10-01 13:45,2026-10-01 15:10
2026-10-01,V4,disposal,DS1,2026-10-01 15:40,2026-10-01 15:50
2026-10-01,V5,site,S4,2026-10-01 08:20,2026-10-01 08:35
2026-10-01,V5,disposal,DS1,2026-10-01 08:55,2026-10-01 09:05
2026-10-01,V5,site,S4,2026-10-01 09:35,2026-10-01 09:50
2026-10-01,V5,disposal,DS1,2026-10-01 10:10,2026-10-01 10:45
2026-10-01,V5,site,S4,2026-10-01 11:15,2026-10-01 11:30
2026-10-01,V5,disposal,DS1,2026-10-01 11:50,2026-10-01 12:25
2026-10-01,V5,site,S4,2026-10-01 12:55,2026-10-01 13:10
2026-10-01,V5,disposal,DS1,2026-10-01 13:30,2026-10-01 13:50
2026-10-01,V6,site,S4,2026-10-01 08:20,2026-10-01 08:35
2026-10-01,V6,disposal,DS1,2026-10-01 08:55,2026-10-01 09:05
2026-10-01,V6,site,S4,2026-10-01 09:35,2026-10-01 09:50
2026-10-01,V6,disposal,DS1,2026-10-01 10:10,2026-10-01 10:45
2026-10-01,V6,site,S4,2026-10-01 11:15,2026-10-01 11:30
2026-10-01,V6,disposal,DS1,2026-10-01 11:50,2026-10-01 12:10
2026-10-01,V6,site,S4,2026-10-01 12:40,2026-10-01 12:55
2026-10-01,V6,disposal,DS1,2026-10-01 13:15,2026-10-01 13:50
2026-10-02,V1,site,S1,2026-10-02 08:25,2026-10-02 08:40
2026-10-02,V1,disposal,DS1,2026-10-02 09:05,2026-10-02 09:25
2026-10-02,V1,site,S1,2026-10-02 10:02,2026-10-02 10:17
2026-10-02,V1,disposal,DS1,2026-10-02 10:42,2026-10-02 11:17
2026-10-02,V1,site,S1,2026-10-02 11:54,2026-10-02 12:09
2026-10-02,V1,disposal,DS1,2026-10-02 12:34,2026-10-02 12:44
2026-10-02,V1,site,S1,2026-10-02 13:21,2026-10-02 13:36
2026-10-02,V1,disposal,DS1,2026-10-02 14:01,2026-10-02 14:11
2026-10-02,V2,site,S2,2026-10-02 08:30,2026-10-02 08:45
2026-10-02,V2,disposal,DS1,2026-10-02 09:15,2026-10-02 09:25
2026-10-02,V2,site,S2,2026-10-02 10:10,2026-10-02 10:45
2026-10-02,V2,disposal,DS1,2026-10-02 11:15,2026-10-02 11:25
2026-10-02,V2,site,S2,2026-10-02 12:10,2026-10-02 12:45
2026-10-02,V2,disposal,DS1,2026-10-02 13:15,2026-10-02 13:25
2026-10-02,V3,site,S3,2026-10-02 08:45,2026-10-02 09:00
2026-10-02,V3,disposal,DS2,2026-10-02 09:45,2026-10-02 10:10
2026-10-02,V3,site,S3,2026-10-02 11:17,2026-10-02 11:32
2026-10-02,V3,disposal,DS2,2026-10-02 12:17,2026-10-02 12:57
2026-10-02,V3,site,S3,2026-10-02 14:04,2026-10-02 14:19
2026-10-02,V3,disposal,DS2,2026-10-02 15:04,2026-10-02 15:14
2026-10-02,V4,site,S2,2026-10-02 08:30,2026-10-02 09:30
2026-10-02,V4,disposal,DS1,2026-10-02 10:00,2026-10-02 10:20
2026-10-02,V4,site,S2,2026-10-02 11:05,2026-10-02 11:20
2026-10-02,V4,disposal,DS1,2026-10-02 11:50,2026-10-02 12:00
2026-10-02,V4,site,S2,2026-10-02 12:45,2026-10-02 14:10
2026-10-02,V4,disposal,DS1,2026-10-02 14:40,2026-10-02 15:00
2026-10-02,V5,site,S4,2026-10-02 08:20,2026-10-02 08:35
2026-10-02,V5,disposal,DS1,2026-10-02 08:55,2026-10-02 09:15
2026-10-02,V5,site,S4,2026-10-02 09:45,2026-10-02 10:00
2026-10-02,V5,disposal,DS1,2026-10-02 10:20,2026-10-02 10:30
2026-10-02,V5,site,S4,2026-10-02 11:00,2026-10-02 11:15
2026-10-02,V5,disposal,DS1,2026-10-02 11:35,2026-10-02 11:45
2026-10-02,V5,site,S4,2026-10-02 12:15,2026-10-02 12:30
2026-10-02,V5,disposal,DS1,2026-10-02 12:50,2026-10-02 13:25
2026-10-02,V5,site,S4,2026-10-02 13:55,2026-10-02 14:10
2026-10-02,V5,disposal,DS1,2026-10-02 14:30,2026-10-02 15:05
2026-10-02,V6,site,S4,2026-10-02 08:20,2026-10-02 08:35
2026-10-02,V6,disposal,DS1,2026-10-02 08:55,2026-10-02 09:30
2026-10-02,V6,site,S4,2026-10-02 10:00,2026-10-02 10:15
2026-10-02,V6,disposal,DS1,2026-10-02 10:35,2026-10-02 11:10
2026-10-02,V6,site,S4,2026-10-02 11:40,2026-10-02 11:55
2026-10-02,V6,disposal,DS1,2026-10-02 12:15,2026-10-02 12:50
2026-10-02,V6,site,S4,2026-10-02 13:20,2026-10-02 13:35
2026-10-02,V6,disposal,DS1,2026-10-02 13:55,2026-10-02 14:05
