slip_id,slip_type,date,vehicle_id,driver_id,place_id,timestamp,soil_type,volume_m3,photo,confidence
R0001,site_receipt,2026-09-28,V1,D1,S1,2026-09-28 08:35,soil2,5.5,photos/2026-09-28_V1_1_receipt.jpg,0.97
I0002,disposal_intake,2026-09-28,V1,D1,DS1,2026-09-28 09:10,soil2,5.5,photos/2026-09-28_V1_1_intake.jpg,0.95
R0003,site_receipt,2026-09-28,V1,D1,S1,2026-09-28 10:12,soil2,5.5,photos/2026-09-28_V1_2_receipt.jpg,0.97
I0004,disposal_intake,2026-09-28,V1,D1,DS1,2026-09-28 10:47,soil2,5.5,photos/2026-09-28_V1_2_intake.jpg,0.95
R0005,site_receipt,2026-09-28,V1,D1,S1,2026-09-28 11:39,soil2,5.5,photos/2026-09-28_V1_3_receipt.jpg,0.97
I0006,disposal_intake,2026-09-28,V1,D1,DS1,2026-09-28 12:14,soil2,5.5,photos/2026-09-28_V1_3_intake.jpg,0.95
R0007,site_receipt,2026-09-28,V1,D1,S1,2026-09-28 13:31,soil2,5.5,photos/2026-09-28_V1_4_receipt.jpg,0.97
I0008,disposal_intake,2026-09-28,V1,D1,DS1,2026-09-28 14:06,soil2,5.5,photos/2026-09-28_V1_4_intake.jpg,0.95
R0009,site_receipt,2026-09-28,V2,D2,S2,2026-09-28 08:40,soil1,5.5,photos/2026-09-28_V2_1_receipt.jpg,0.97
I0010,disposal_intake,2026-09-28,V2,D2,DS1,2026-09-28 09:20,soil1,5.5,photos/2026-09-28_V2_1_intake.jpg,0.95
R0011,site_receipt,2026-09-28,V2,D2,S2,2026-09-28 11:05,soil1,5.5,photos/2026-09-28_V2_2_receipt.jpg,0.97
I0012,disposal_intake,2026-09-28,V2,D2,DS1,2026-09-28 11:45,soil1,5.5,photos/2026-09-28_V2_2_intake.jpg,0.95
R0013,site_receipt,2026-09-28,V2,D2,S2,2026-09-28 13:05,soil1,5.5,photos/2026-09-28_V2_3_receipt.jpg,0.97
I0014,disposal_intake,2026-09-28,V2,D2,DS1,2026-09-28 13:45,soil1,5.5,photos/2026-09-28_V2_3_intake.jpg,0.95
R0015,site_receipt,2026-09-28,V3,D3,S3,2026-09-28 08:55,soil3,5.5,photos/2026-09-28_V3_1_receipt.jpg,0.97
I0016,disposal_intake,2026-09-28,V3,D3,DS2,2026-09-28 09:50,soil3,5.5,photos/2026-09-28_V3_1_intake.jpg,0.95
R0017,site_receipt,2026-09-28,V3,D3,S3,2026-09-28 11:12,soil3,5.5,photos/2026-09-28_V3_2_receipt.jpg,0.97
I0018,disposal_intake,2026-09-28,V3,D3,DS2,2026-09-28 12:07,soil3,5.5,photos/2026-09-28_V3_2_intake.jpg,0.95
R0019,site_receipt,2026-09-28,V3,D3,S3,2026-09-28 13:44,soil3,5.5,photos/2026-09-28_V3_3_receipt.jpg,0.97
I0020,disposal_intake,2026-09-28,V3,D3,DS2,2026-09-28 14:39,soil3,5.5,photos/2026-09-28_V3_3_intake.jpg,0.95
R0021,site_receipt,2026-09-28,V4,D4,S2,2026-09-28 08:40,soil1,5.5,photos/2026-09-28_V4_1_receipt.jpg,0.97
I0022,disposal_intake,2026-09-28,V4,D4,DS1,2026-09-28 09:20,soil1,5.5,photos/2026-09-28_V4_1_intake.jpg,0.95
R0023,site_receipt,2026-09-28,V4,D4,S2,2026-09-28 10:20,soil1,5.5,photos/2026-09-28_V4_2_receipt.jpg,0.97
I0024,disposal_intake,2026-09-28,V4,D4,DS1,2026-09-28 11:00,soil1,5.5,photos/2026-09-28_V4_2_intake.jpg,0.95
R0025,site_receipt,2026-09-28,V4,D4,S2,2026-09-28 12:25,soil1,5.5,photos/2026-09-28_V4_3_receipt.jpg,0.97
I0026,disposal_intake,2026-09-28,V4,D4,DS1,2026-09-28 13:05,soil1,5.5,photos/2026-09-28_V4_3_intake.jpg,0.95
R0027,site_receipt,2026-09-28,V5,D5,S4,2026-09-28 08:30,soil2,2.0,photos/2026-09-28_V5_1_receipt.jpg,0.97
I0028,disposal_intake,2026-09-28,V5,D5,DS1,2026-09-28 09:00,soil2,2.0,photos/2026-09-28_V5_1_intake.jpg,0.95
R0029,site_receipt,2026-09-28,V5,D5,S4,2026-09-28 09:45,soil2,2.0,photos/2026-09-28_V5_2_receipt.jpg,0.97
I0030,disposal_intake,2026-09-28,V5,D5,DS1,2026-09-28 10:15,soil2,2.0,photos/2026-09-28_V5_2_intake.jpg,0.95
R0031,site_receipt,2026-09-28,V5,D5,S4,2026-09-28 11:00,soil2,2.0,photos/2026-09-28_V5_3_receipt.jpg,0.97
I0032,disposal_intake,2026-09-28,V5,D5,DS1,2026-09-28 11:30,soil2,2.0,photos/2026-09-28_V5_3_intake.jpg,0.95
R0033,site_receipt,2026-09-28,V5,D5,S4,2026-09-28 12:40,soil2,2.0,photos/2026-09-28_V5_4_receipt.jpg,0.97
I0034,disposal_intake,2026-09-28,V5,D5,DS1,2026-09-28 13:10,soil2,2.0,photos/2026-09-28_V5_4_intake.jpg,0.95
R0035,site_receipt,2026-09-28,V6,D6,S4,2026-09-28 08:30,soil2,2.0,photos/2026-09-28_V6_1_receipt.jpg,0.97
I0036,disposal_intake,2026-09-28,V6,D6,DS1,2026-09-28 09:00,soil2,2.0,photos/2026-09-28_V6_1_intake.jpg,0.95
R0037,site_receipt,2026-09-28,V6,D6,S4,2026-09-28 09:45,soil2,2.0,photos/2026-09-28_V6_2_receipt.jpg,0.97
I0038,disposal_intake,2026-09-28,V6,D6,DS1,2026-09-28 10:15,soil2,2.0,photos/2026-09-28_V6_2_intake.jpg,0.95
R0039,site_receipt,2026-09-28,V6,D6,S4,2026-09-28 11:00,soil2,2.0,photos/2026-09-28_V6_3_receipt.jpg,0.97
I0040,disposal_intake,2026-09-28,V6,D6,DS1,2026-09-28 11:30,soil2,2.0,photos/2026-09-28_V6_3_intake.jpg,0.95
R0041,site_receipt,2026-09-28,V6,D6,S4,2026-09-28 12:15,soil2,2.0,photos/2026-09-28_V6_4_receipt.jpg,0.97
I0042,disposal_intake,2026-09-28,V6,D6,DS1,2026-09-28 12:45,soil2,2.0,photos/2026-09-28_V6_4_intake.jpg,0.95
R0043,site_receipt,2026-09-29,V1,D1,S1,2026-09-29 08:35,soil2,5.5,photos/2026-09-29_V1_1_receipt.jpg,0.97
I0044,disposal_intake,2026-09-29,V1,D1,DS1,2026-09-29 09:10,soil2,5.5,photos/2026-09-29_V1_1_intake.jpg,0.95
R0045,site_receipt,2026-09-29,V1,D1,S1,2026-09-29 10:27,soil2,5.5,photos/2026-09-29_V1_2_receipt.jpg,0.97
I0046,disposal_intake,2026-09-29,V1,D1,DS1,2026-09-29 11:02,soil2,5.5,photos/2026-09-29_V1_2_intake.jpg,0.95
R0047,site_receipt,2026-09-29,V1,D1,S1,2026-09-29 11:54,soil2,5.5,photos/2026-09-29_V1_3_receipt.jpg,0.97
I0048,disposal_intake,2026-09-29,V1,D1,DS1,2026-09-29 12:29,soil2,5.5,photos/2026-09-29_V1_3_intake.jpg,0.95
R0049,site_receipt,2026-09-29,V1,D1,S1,2026-09-29 13:21,soil2,5.5,photos/2026-09-29_V1_4_receipt.jpg,0.97
I0050,disposal_intake,2026-09-29,V1,D1,DS1,2026-09-29 13:56,soil2,5.5,photos/2026-09-29_V1_4_intake.jpg,0.95
R0051,site_receipt,2026-09-29,V2,D2,S2,2026-09-29 10:30,soil1,5.5,photos/2026-09-29_V2_1_receipt.jpg,0.97
I0052,disposal_intake,2026-09-29,V2,D2,DS1,2026-09-29 11:10,soil1,5.5,photos/2026-09-29_V2_1_intake.jpg,0.95
R0053,site_receipt,2026-09-29,V2,D2,S2,2026-09-29 14:00,soil1,5.5,photos/2026-09-29_V2_2_receipt.jpg,0.97
I0054,disposal_intake,2026-09-29,V2,D2,DS1,2026-09-29 14:40,soil1,5.5,photos/2026-09-29_V2_2_intake.jpg,0.95
R0055,site_receipt,2026-09-29,V3,D3,S3,2026-09-29 08:55,soil3,5.5,photos/2026-09-29_V3_1_receipt.jpg,0.97
I0056,disposal_intake,2026-09-29,V3,D3,DS2,2026-09-29 09:50,soil3,5.5,photos/2026-09-29_V3_1_intake.jpg,0.95
R0057,site_receipt,2026-09-29,V3,D3,S3,2026-09-29 11:12,soil3,5.5,photos/2026-09-29_V3_2_receipt.jpg,0.97
I0058,disposal_intake,2026-09-29,V3,D3,DS2,2026-09-29 12:07,soil3,5.5,photos/2026-09-29_V3_2_intake.jpg,0.95
R0059,site_receipt,2026-09-29,V3,D3,S3,2026-09-29 13:59,soil3,5.5,photos/2026-09-29_V3_3_receipt.jpg,0.97
I0060,disposal_intake,2026-09-29,V3,D3,DS2,2026-09-29 14:54,soil3,5.5,photos/2026-09-29_V3_3_intake.jpg,0.95
R0061,site_receipt,2026-09-29,V4,D4,S2,2026-09-29 08:40,soil1,5.5,photos/2026-09-29_V4_1_receipt.jpg,0.97
I0062,disposal_intake,2026-09-29,V4,D4,DS1,2026-09-29 09:20,soil1,5.5,photos/2026-09-29_V4_1_intake.jpg,0.95
R0063,site_receipt,2026-09-29,V4,D4,S2,2026-09-29 10:40,soil1,5.5,photos/2026-09-29_V4_2_receipt.jpg,0.97
I0064,disposal_intake,2026-09-29,V4,D4,DS1,2026-09-29 11:20,soil1,5.5,photos/2026-09-29_V4_2_intake.jpg,0.95
R0065,site_receipt,2026-09-29,V4,D4,S2,2026-09-29 13:55,soil1,5.5,photos/2026-09-29_V4_3_receipt.jpg,0.97
I0066,disposal_intake,2026-09-29,V4,D4,DS1,2026-09-29 14:35,soil1,5.5,photos/2026-09-29_V4_3_intake.jpg,0.95
R0067,site_receipt,2026-09-29,V5,D5,S4,2026-09-29 08:30,soil2,2.0,photos/2026-09-29_V5_1_receipt.jpg,0.97
I0068,disposal_intake,2026-09-29,V5,D5,DS1,2026-09-29 09:00,soil2,2.0,photos/2026-09-29_V5_1_intake.jpg,0.95
R0069,site_receipt,2026-09-29,V5,D5,S4,2026-09-29 10:10,soil2,2.0,photos/2026-09-29_V5_2_receipt.jpg,0.97
I0070,disposal_intake,2026-09-29,V5,D5,DS1,2026-09-29 10:40,soil2,2.0,photos/2026-09-29_V5_2_intake.jpg,0.95
R0071,site_receipt,2026-09-29,V5,D5,S4,2026-09-29 11:50,soil2,2.0,photos/2026-09-29_V5_3_receipt.jpg,0.97
I0072,disposal_intake,2026-09-29,V5,D5,DS1,2026-09-29 12:20,soil2,2.0,photos/2026-09-29_V5_3_intake.jpg,0.95
R0073,site_receipt,2026-09-29,V5,D5,S4,2026-09-29 13:15,soil2,2.0,photos/2026-09-29_V5_4_receipt.jpg,0.97
I0074,disposal_intake,2026-09-29,V5,D5,DS1,2026-09-29 13:45,soil2,2.0,photos/2026-09-29_V5_4_intake.jpg,0.95
R0075,site_receipt,2026-09-29,V6,D6,S4,2026-09-29 08:30,soil2,2.0,photos/2026-09-29_V6_1_receipt.jpg,0.97
I0076,disposal_intake,2026-09-29,V6,D6,DS1,2026-09-29 09:00,soil2,2.0,photos/2026-09-29_V6_1_intake.jpg,0.95
R0077,site_receipt,2026-09-29,V6,D6,S4,2026-09-29 09:45,soil2,2.0,photos/2026-09-29_V6_2_receipt.jpg,0.97
I0078,disposal_intake,2026-09-29,V6,D6,DS1,2026-09-29 10:15,soil2,2.0,photos/2026-09-29_V6_2_intake.jpg,0.95
R0079,site_receipt,2026-09-29,V6,D6,S4,2026-09-29 11:00,soil2,2.0,photos/2026-09-29_V6_3_receipt.jpg,0.97
I0080,disposal_intake,2026-09-29,V6,D6,DS1,2026-09-29 11:30,soil2,2.0,photos/2026-09-29_V6_3_intake.jpg,0.95
R0081,site_receipt,2026-09-29,V6,D6,S4,2026-09-29 12:15,soil2,2.0,photos/2026-09-29_V6_4_receipt.jpg,0.97
I0082,disposal_intake,2026-09-29,V6,D6,DS1,2026-09-29 12:45,soil2,2.0,photos/2026-09-29_V6_4_intake.jpg,0.95
R0083,site_receipt,2026-09-30,V1,D1,S1,2026-09-30 08:35,soil2,5.5,photos/2026-09-30_V1_1_receipt.jpg,0.97
I0084,disposal_intake,2026-09-30,V1,D1,DS1,2026-09-30 09:10,soil2,5.5,photos/2026-09-30_V1_1_intake.jpg,0.95
R0085,site_receipt,2026-09-30,V1,D1,S1,2026-09-30 10:12,soil2,5.5,photos/2026-09-30_V1_2_receipt.jpg,0.97
I0086,disposal_intake,2026-09-30,V1,D1,DS1,2026-09-30 10:47,soil2,5.5,photos/2026-09-30_V1_2_intake.jpg,0.95
R0087,site_receipt,2026-09-30,V1,D1,S1,2026-09-30 12:04,soil2,5.5,photos/2026-09-30_V1_3_receipt.jpg,0.97
I0088,disposal_intake,2026-09-30,V1,D1,DS1,2026-09-30 12:39,soil2,5.5,photos/2026-09-30_V1_3_intake.jpg,0.95
R0089,site_receipt,2026-09-30,V1,D1,S1,2026-09-30 13:41,soil2,5.5,photos/2026-09-30_V1_4_receipt.jpg,0.97
I0090,disposal_intake,2026-09-30,V1,D1,DS1,2026-09-30 14:16,soil2,5.5,photos/2026-09-30_V1_4_intake.jpg,0.95
R0091,site_receipt,2026-09-30,V2,D2,S2,2026-09-30 09:25,soil1,5.5,photos/2026-09-30_V2_1_receipt.jpg,0.97
I0092,disposal_intake,2026-09-30,V2,D2,DS1,2026-09-30 10:05,soil1,5.5,photos/2026-09-30_V2_1_intake.jpg,0.95
R0093,site_receipt,2026-09-30,V2,D2,S2,2026-09-30 11:05,soil1,5.5,photos/2026-09-30_V2_2_receipt.jpg,0.97
I0094,disposal_intake,2026-09-30,V2,D2,DS1,2026-09-30 11:45,soil1,5.5,photos/2026-09-30_V2_2_intake.jpg,0.95
R0095,site_receipt,2026-09-30,V2,D2,S2,2026-09-30 13:30,soil1,5.5,photos/2026-09-30_V2_3_receipt.jpg,0.97
I0096,disposal_intake,2026-09-30,V2,D2,DS1,2026-09-30 14:10,soil1,5.5,photos/2026-09-30_V2_3_intake.jpg,0.95
R0097,site_receipt,2026-09-30,V3,D3,S3,2026-09-30 08:55,soil3,5.5,photos/2026-09-30_V3_1_receipt.jpg,0.97
I0098,disposal_intake,2026-09-30,V3,D3,DS2,2026-09-30 09:50,soil3,5.5,photos/2026-09-30_V3_1_intake.jpg,0.95
R0099,site_receipt,2026-09-30,V3,D3,S3,2026-09-30 11:12,soil3,5.5,photos/2026-09-30_V3_2_receipt.jpg,0.97
I0100,disposal_intake,2026-09-30,V3,D3,DS2,2026-09-30 12:07,soil3,5.5,photos/2026-09-30_V3_2_intake.jpg,0.95
R0101,site_receipt,2026-09-30,V3,D3,S3,2026-09-30 13:44,soil3,5.5,photos/2026-09-30_V3_3_receipt.jpg,0.97
I0102,disposal_intake,2026-09-30,V3,D3,DS2,2026-09-30 14:39,soil3,5.5,photos/2026-09-30_V3_3_intake.jpg,0.95
R0103,site_receipt,2026-09-30,V4,D4,S2,2026-09-30 10:15,soil1,5.5,photos/2026-09-30_V4_1_receipt.jpg,0.97
I0104,disposal_intake,2026-09-30,V4,D4,DS1,2026-09-30 10:55,soil1,5.5,photos/2026-09-30_V4_1_intake.jpg,0.95
R0105,site_receipt,2026-09-30,V4,D4,S2,2026-09-30 13:30,soil1,5.5,photos/2026-09-30_V4_2_receipt.jpg,0.97
I0106,disposal_intake,2026-09-30,V4,D4,DS1,2026-09-30 14:10,soil1,5.5,photos/2026-09-30_V4_2_intake.jpg,0.95
R0107,site_receipt,2026-09-30,V4,D4,S2,2026-09-30 16:55,soil1,5.5,photos/2026-09-30_V4_3_receipt.jpg,0.97
I0108,disposal_intake,2026-09-30,V4,D4,DS1,2026-09-30 17:35,soil1,5.5,photos/2026-09-30_V4_3_intake.jpg,0.95
R0109,site_receipt,2026-09-30,V5,D5,S4,2026-09-30 08:30,soil2,2.0,photos/2026-09-30_V5_1_receipt.jpg,0.97
I0110,disposal_intake,2026-09-30,V5,D5,DS1,2026-09-30 09:00,soil2,2.0,photos/2026-09-30_V5_1_intake.jpg,0.95
R0111,site_receipt,2026-09-30,V5,D5,S4,2026-09-30 10:10,soil2,2.0,photos/2026-09-30_V5_2_receipt.jpg,0.97
I0112,disposal_intake,2026-09-30,V5,D5,DS1,2026-09-30 10:40,soil2,2.0,photos/2026-09-30_V5_2_intake.jpg,0.95
R0113,site_receipt,2026-09-30,V5,D5,S4,2026-09-30 11:25,soil2,2.0,photos/2026-09-30_V5_3_receipt.jpg,0.97
I0114,disposal_intake,2026-09-30,V5,D5,DS1,2026-09-30 11:55,soil2,2.0,photos/2026-09-30_V5_3_intake.jpg,0.95
R0115,site_receipt,2026-09-30,V5,D5,S4,2026-09-30 12:40,soil2,2.0,photos/2026-09-30_V5_4_receipt.jpg,0.97
I0116,disposal_intake,2026-09-30,V5,D5,DS1,2026-09-30 13:10,soil2,2.0,photos/2026-09-30_V5_4_intake.jpg,0.95
R0117,site_receipt,2026-09-30,V6,D6,S4,2026-09-30 08:30,soil2,2.0,photos/2026-09-30_V6_1_receipt.jpg,0.97
I0118,disposal_intake,2026-09-30,V6,D6,DS1,2026-09-30 09:00,soil2,2.0,photos/2026-09-30_V6_1_intake.jpg,0.95
R0119,site_receipt,2026-09-30,V6,D6,S4,2026-09-30 10:10,soil2,2.0,photos/2026-09-30_V6_2_receipt.jpg,0.97
I0120,disposal_intake,2026-09-30,V6,D6,DS1,2026-09-30 10:40,soil2,2.0,photos/2026-09-30_V6_2_intake.jpg,0.95
R0121,site_receipt,2026-09-30,V6,D6,S4,2026-09-30 11:25,soil2,2.0,photos/2026-09-30_V6_3_receipt.jpg,0.97
I0122,disposal_intake,2026-09-30,V6,D6,DS1,2026-09-30 11:55,soil2,2.0,photos/2026-09-30_V6_3_intake.jpg,0.95
R0123,site_receipt,2026-09-30,V6,D6,S4,2026-09-30 12:40,soil2,2.0,photos/2026-09-30_V6_4_receipt.jpg,0.97
I0124,disposal_intake,2026-09-30,V6,D6,DS1,2026-09-30 13:10,soil2,2.0,photos/2026-09-30_V6_4_intake.jpg,0.95
R0125,site_receipt,2026-10-01,V1,D1,S1,2026-10-01 08:35,soil2,5.5,photos/2026-10-01_V1_1_receipt.jpg,0.97
I0126,disposal_intake,2026-10-01,V1,D1,DS1,2026-10-01 09:10,soil2,5.5,photos/2026-10-01_V1_1_intake.jpg,0.95
R0127,site_receipt,2026-10-01,V1,D1,S1,2026-10-01 10:27,soil2,5.5,photos/2026-10-01_V1_2_receipt.jpg,0.97
I0128,disposal_intake,2026-10-01,V1,D1,DS1,2026-10-01 11:02,soil2,5.5,photos/2026-10-01_V1_2_intake.jpg,0.95
R0129,site_receipt,2026-10-01,V1,D1,S1,2026-10-01 12:04,soil2,5.5,photos/2026-10-01_V1_3_receipt.jpg,0.97
I0130,disposal_intake,2026-10-01,V1,D1,DS1,2026-10-01 12:39,soil2,5.5,photos/2026-10-01_V1_3_intake.jpg,0.95
R0131,site_receipt,2026-10-01,V1,D1,S1,2026-10-01 13:56,soil2,5.5,photos/2026-10-01_V1_4_receipt.jpg,0.97
I0132,disposal_intake,2026-10-01,V1,D1,DS1,2026-10-01 14:31,soil2,5.5,photos/2026-10-01_V1_4_intake.jpg,0.95
R0133,site_receipt,2026-10-01,V2,D2,S2,2026-10-01 08:40,soil1,5.5,photos/2026-10-01_V2_1_receipt.jpg,0.97
I0134,disposal_intake,2026-10-01,V2,D2,DS1,2026-10-01 09:20,soil1,5.5,photos/2026-10-01_V2_1_intake.jpg,0.95
R0135,site_receipt,2026-10-01,V2,D2,S2,2026-10-01 11:30,soil1,5.5,photos/2026-10-01_V2_2_receipt.jpg,0.97
I0136,disposal_intake,2026-10-01,V2,D2,DS1,2026-10-01 12:10,soil1,5.5,photos/2026-10-01_V2_2_intake.jpg,0.95
I0137,disposal_intake,2026-10-01,V2,D2,DS1,2026-10-01 13:50,soil1,5.5,photos/2026-10-01_V2_3_intake.jpg,0.95
R0138,site_receipt,2026-10-01,V3,D3,S3,2026-10-01 08:55,soil3,5.5,photos/2026-10-01_V3_1_receipt.jpg,0.97
I0139,disposal_intake,2026-10-01,V3,D3,DS2,2026-10-01 09:50,soil3,5.5,photos/2026-10-01_V3_1_intake.jpg,0.95
R0140,site_receipt,2026-10-01,V3,D3,S3,2026-10-01 11:12,soil3,5.5,photos/2026-10-01_V3_2_receipt.jpg,0.97
I0141,disposal_intake,2026-10-01,V3,D3,DS2,2026-10-01 12:07,soil3,5.5,photos/2026-10-01_V3_2_intake.jpg,0.95
R0142,site_receipt,2026-10-01,V3,D3,S3,2026-10-01 13:29,soil3,5.5,photos/2026-10-01_V3_3_receipt.jpg,0.97
I0143,disposal_intake,2026-10-01,V3,D3,DS2,2026-10-01 14:24,soil3,5.5,photos/2026-10-01_V3_3_intake.jpg,0.95
R0144,site_receipt,2026-10-01,V4,D4,S2,2026-10-01 09:00,soil1,5.5,photos/2026-10-01_V4_1_receipt.jpg,0.97
I0145,disposal_intake,2026-10-01,V4,D4,DS1,2026-10-01 09:40,soil1,5.5,photos/2026-10-01_V4_1_intake.jpg,0.95
R0146,site_receipt,2026-10-01,V4,D4,S2,2026-10-01 11:50,soil1,5.5,photos/2026-10-01_V4_2_receipt.jpg,0.97
I0147,disposal_intake,2026-10-01,V4,D4,DS1,2026-10-01 12:30,soil1,5.5,photos/2026-10-01_V4_2_intake.jpg,0.95
R0148,site_receipt,2026-10-01,V4,D4,S2,2026-10-01 15:05,soil1,5.5,photos/2026-10-01_V4_3_receipt.jpg,0.97
I0149,disposal_intake,2026-10-01,V4,D4,DS1,2026-10-01 15:45,soil1,5.5,photos/2026-10-01_V4_3_intake.jpg,0.95
R0150,site_receipt,2026-10-01,V5,D5,S4,2026-10-01 08:30,soil2,2.0,photos/2026-10-01_V5_1_receipt.jpg,0.97
I0151,disposal_intake,2026-10-01,V5,D5,DS1,2026-10-01 09:00,soil2,2.0,photos/2026-10-01_V5_1_intake.jpg,0.95
R0152,site_receipt,2026-10-01,V5,D5,S4,2026-10-01 09:45,soil2,2.0,photos/2026-10-01_V5_2_receipt.jpg,0.97
I0153,disposal_intake,2026-10-01,V5,D5,DS1,2026-10-01 10:15,soil2,2.0,photos/2026-10-01_V5_2_intake.jpg,0.95
R0154,site_receipt,2026-10-01,V5,D5,S4,2026-10-01 11:25,soil2,2.0,photos/2026-10-01_V5_3_receipt.jpg,0.97
I0155,disposal_intake,2026-10-01,V5,D5,DS1,2026-10-01 11:55,soil2,2.0,photos/2026-10-01_V5_3_intake.jpg,0.95
R0156,site_receipt,2026-10-01,V5,D5,S4,2026-10-01 13:05,soil2,2.0,photos/2026-10-01_V5_4_receipt.jpg,0.97
I0157,disposal_intake,2026-10-01,V5,D5,DS1,2026-10-01 13:35,soil2,2.0,photos/2026-10-01_V5_4_intake.jpg,0.95
R0158,site_receipt,2026-10-01,V6,D6,S4,2026-10-01 08:30,soil2,2.0,photos/2026-10-01_V6_1_receipt.jpg,0.97
I0159,disposal_intake,2026-10-01,V6,D6,DS1,2026-10-01 09:00,soil2,2.0,photos/2026-10-01_V6_1_intake.jpg,0.95
R0160,site_receipt,2026-10-01,V6,D6,S4,2026-10-01 09:45,soil2,2.0,photos/2026-10-01_V6_2_receipt.jpg,0.97
I0161,disposal_intake,2026-10-01,V6,D6,DS1,2026-10-01 10:15,soil2,2.0,photos/2026-10-01_V6_2_intake.jpg,0.95
R0162,site_receipt,2026-10-01,V6,D6,S4,2026-10-01 11:25,soil2,2.0,photos/2026-10-01_V6_3_receipt.jpg,0.97
I0163,disposal_intake,2026-10-01,V6,D6,DS1,2026-10-01 11:55,soil2,2.0,photos/2026-10-01_V6_3_intake.jpg,0.95
R0164,site_receipt,2026-10-01,V6,D6,S4,2026-10-01 12:50,soil2,2.0,photos/2026-10-01_V6_4_receipt.jpg,0.97
I0165,disposal_intake,2026-10-01,V6,D6,DS1,2026-10-01 13:20,soil2,2.0,photos/2026-10-01_V6_4_intake.jpg,0.95
R0166,site_receipt,2026-10-02,V1,D1,S1,2026-10-02 08:35,soil2,5.5,photos/2026-10-02_V1_1_receipt.jpg,0.97
I0167,disposal_intake,2026-10-02,V1,D1,DS1,2026-10-02 09:10,soil2,5.5,photos/2026-10-02_V1_1_intake.jpg,0.95
R0168,site_receipt,2026-10-02,V1,D1,S1,2026-10-02 10:12,soil2,5.5,photos/2026-10-02_V1_2_receipt.jpg,0.97
I0169,disposal_intake,2026-10-02,V1,D1,DS1,2026-10-02 10:47,soil2,5.5,photos/2026-10-02_V1_2_intake.jpg,0.95
R0170,site_receipt,2026-10-02,V1,D1,S1,2026-10-02 12:04,soil2,5.5,photos/2026-10-02_V1_3_receipt.jpg,0.97
I0171,disposal_intake,2026-10-02,V1,D1,DS1,2026-10-02 12:39,soil2,5.5,photos/2026-10-02_V1_3_intake.jpg,0.95
R0172,site_receipt,2026-10-02,V1,D1,S1,2026-10-02 13:31,soil2,5.5,photos/2026-10-02_V1_4_receipt.jpg,0.97
I0173,disposal_intake,2026-10-02,V1,D1,DS1,2026-10-02 14:06,soil2,5.5,photos/2026-10-02_V1_4_intake.jpg,0.95
R0174,site_receipt,2026-10-02,V2,D2,S2,2026-10-02 08:40,soil1,5.5,photos/2026-10-02_V2_1_receipt.jpg,0.97
I0175,disposal_intake,2026-10-02,V2,D2,DS1,2026-10-02 09:20,soil1,5.5,photos/2026-10-02_V2_1_intake.jpg,0.95
R0176,site_receipt,2026-10-02,V2,D2,S2,2026-10-02 10:40,soil1,5.5,photos/2026-10-02_V2_2_receipt.jpg,0.97
I0177,disposal_intake,2026-10-02,V2,D2,DS1,2026-10-02 11:20,soil1,5.5,photos/2026-10-02_V2_2_intake.jpg,0.95
R0178,site_receipt,2026-10-02,V2,D2,S2,2026-10-02 12:40,soil1,5.5,photos/2026-10-02_V2_3_receipt.jpg,0.97
I0179,disposal_intake,2026-10-02,V2,D2,DS1,2026-10-02 13:20,soil1,5.5,photos/2026-10-02_V2_3_intake.jpg,0.95
R0180,site_receipt,2026-10-02,V3,D3,S3,2026-10-02 08:55,soil3,5.5,photos/2026-10-02_V3_1_receipt.jpg,0.97
I0181,disposal_intake,2026-10-02,V3,D3,DS2,2026-10-02 09:50,soil3,5.5,photos/2026-10-02_V3_1_intake.jpg,0.95
R0182,site_receipt,2026-10-02,V3,D3,S3,2026-10-02 11:27,soil3,5.5,photos/2026-10-02_V3_2_receipt.jpg,0.97
I0183,disposal_intake,2026-10-02,V3,D3,DS2,2026-10-02 12:22,soil3,5.5,photos/2026-10-02_V3_2_intake.jpg,0.95
R0184,site_receipt,2026-10-02,V4,D4,S2,2026-10-02 09:25,soil1,5.5,photos/2026-10-02_V4_1_receipt.jpg,0.97
I0185,disposal_intake,2026-10-02,V4,D4,DS1,2026-10-02 10:05,soil1,5.5,photos/2026-10-02_V4_1_intake.jpg,0.95
R0186,site_receipt,2026-10-02,V4,D4,S2,2026-10-02 11:15,soil1,5.5,photos/2026-10-02_V4_2_receipt.jpg,0.97
I0187,disposal_intake,2026-10-02,V4,D4,DS1,2026-10-02 11:55,soil1,5.5,photos/2026-10-02_V4_2_intake.jpg,0.95
R0188,site_receipt,2026-10-02,V4,D4,S2,2026-10-02 14:05,soil1,5.5,photos/2026-10-02_V4_3_receipt.jpg,0.97
I0189,disposal_intake,2026-10-02,V4,D4,DS1,2026-10-02 14:45,soil1,5.5,photos/2026-10-02_V4_3_intake.jpg,0.95
R0190,site_receipt,2026-10-02,V5,D5,S4,2026-10-02 08:30,soil2,2.0,photos/2026-10-02_V5_1_receipt.jpg,0.97
I0191,disposal_intake,2026-10-02,V5,D5,DS1,2026-10-02 09:00,soil2,2.0,photos/2026-10-02_V5_1_intake.jpg,0.95
R0192,site_receipt,2026-10-02,V5,D5,S4,2026-10-02 09:55,soil2,2.0,photos/2026-10-02_V5_2_receipt.jpg,0.97
I0193,disposal_intake,2026-10-02,V5,D5,DS1,2026-10-02 10:25,soil2,2.0,photos/2026-10-02_V5_2_intake.jpg,0.95
R0194,site_receipt,2026-10-02,V5,D5,S4,2026-10-02 11:10,soil2,2.0,photos/2026-10-02_V5_3_receipt.jpg,0.97
I0195,disposal_intake,2026-10-02,V5,D5,DS1,2026-10-02 11:40,soil2,2.0,photos/2026-10-02_V5_3_intake.jpg,0.95
R0196,site_receipt,2026-10-02,V5,D5,S4,2026-10-02 12:25,soil2,2.0,photos/2026-10-02_V5_4_receipt.jpg,0.97
I0197,disposal_intake,2026-10-02,V5,D5,DS1,2026-10-02 12:55,soil2,2.0,photos/2026-10-02_V5_4_intake.jpg,0.95
R0198,site_receipt,2026-10-02,V5,D5,S4,2026-10-02 14:05,soil2,2.0,photos/2026-10-02_V5_5_receipt.jpg,0.97
I0199,disposal_intake,2026-10-02,V5,D5,DS1,2026-10-02 14:35,soil2,2.0,photos/2026-10-02_V5_5_intake.jpg,0.95
R0200,site_receipt,2026-10-02,V6,D6,S4,2026-10-02 08:30,soil2,2.0,photos/2026-10-02_V6_1_receipt.jpg,0.97
I0201,disposal_intake,2026-10-02,V6,D6,DS1,2026-10-02 09:00,soil2,2.0,photos/2026-10-02_V6_1_intake.jpg,0.95
R0202,site_receipt,2026-10-02,V6,D6,S4,2026-10-02 10:10,soil2,2.0,photos/2026-10-02_V6_2_receipt.jpg,0.97
I0203,disposal_intake,2026-10-02,V6,D6,DS1,2026-10-02 10:40,soil2,2.0,photos/2026-10-02_V6_2_intake.jpg,0.95
R0204,site_receipt,2026-10-02,V6,D6,S4,2026-10-02 11:50,soil2,2.0,photos/2026-10-02_V6_3_receipt.jpg,0.97
I0205,disposal_intake,2026-10-02,V6,D6,DS1,2026-10-02 12:20,soil2,2.0,photos/2026-10-02_V6_3_intake.jpg,0.95
R0206,site_receipt,2026-10-02,V6,D6,S4,2026-10-02 13:30,soil2,2.0,photos/2026-10-02_V6_4_receipt.jpg,0.97
I0207,disposal_intake,2026-10-02,V6,D6,DS1,2026-10-02 14:00,soil2,2.0,photos/2026-10-02_V6_4_intake.jpg,0.95
